,neg,neu,pos,compound,headlines,label
0,0.258,0.742,0.0,-0.4184,My 3 yo daughter keeps repeating this for no reason!!,-1
1,0.0,1.0,0.0,0.0,Tachyons may be behind precognition/clairvoyance,0
2,0.714,0.286,0.0,-0.8176,Lady Diana - Murdered or Accident,-1
3,0.0,1.0,0.0,0.0,Just my 2 cents,0
4,0.412,0.588,0.0,-0.4215,Bethel park school shooting threats,-1
5,0.417,0.583,0.0,-0.6486,If the dead internet theory is true.. ,-1
6,0.0,1.0,0.0,0.0,Audio analysis 2 shooters at Trump rally - Chris Martenson,0
7,0.0,1.0,0.0,0.0,Trump wasnâ€™t supposed to make it,0
8,0.252,0.748,0.0,-0.7227,"But if you say that â€œJews are secretly running the governmentâ€, that is antisemitic hate speech",-1
9,0.0,0.896,0.104,0.4404,The Democratic national committee protected Biden from debating RFK Jr. during the primaries. Had they not everyone would have seen these deficiencies and not a tenable candidate.,1
10,0.0,1.0,0.0,0.0,Biden Exiting Race Sunday,0
11,0.0,0.687,0.313,0.6249,The Great Replacement is real. Here are facts for Greece. ,1
12,0.0,0.69,0.31,0.4019,Thomas Matthew Crooksâ€™ Motiveâ€” Independent Party Affiliation,1
13,0.0,1.0,0.0,0.0,Second shooter in Water tower..,0
14,0.394,0.606,0.0,-0.5994,Catalyst Events and The Trump Assassination Attempt,-1
15,0.0,1.0,0.0,0.0,Donald Marshall-Anyone remember him? Has anyone heard from him the past year or two?,0
16,0.0,0.672,0.328,0.5994,Baron Trump's Marvelous Underground Journey by Ingersol Lockwood 1892,1
17,0.0,1.0,0.0,0.0,Will we ever see Biden again?,0
18,0.279,0.721,0.0,-0.4767,Donald Trump Fake Shooting ðŸ’¥ ðŸ‘‚ New Evidence Releasedâ€¼ï¸ðŸ¤¯ (full video),-1
19,0.0,1.0,0.0,0.0,A man wearing shirt that says â€œWhere is the Jeffrey EPSTEIN Client Listâ€ in CNN news report,0
20,0.0,0.686,0.314,0.4939,This is pretty creepy if you ask me,1
21,0.0,1.0,0.0,0.0,Mass Outage - Global Test ,0
22,0.0,0.891,0.109,0.4019,Interesting theory. Snipers in building actually were the ones who shot at Trump and the boy on the roof was the fall guy.,1
23,0.329,0.671,0.0,-0.6016,Those who think Trump staged this attack on himself...!,-1
24,0.127,0.873,0.0,-0.1531,AI stops me from asking if CNN ever covered live Trump rallies,0
25,0.0,1.0,0.0,0.0,The Camera Man,0
26,0.393,0.607,0.0,-0.3804,Shooters Dad seems completely perplexed. ðŸ¤” ,-1
27,0.0,1.0,0.0,0.0,The chin!! ,0
28,0.206,0.794,0.0,-0.6884,the ceo of CrowdStrike caused the same issue in 2010 in McAfee and both doing antivirus jobs wtf ?!!!  ,-1
29,0.0,1.0,0.0,0.0,"Photos show cell phone, transmitter found next to Trump shooterâ€™s body",0
30,0.0,1.0,0.0,0.0,Is this finally happening?,0
31,0.281,0.719,0.0,-0.5994,Was There A Second Shooter On Water Tower In Trump Assassination Attempt?,-1
32,0.0,1.0,0.0,0.0,Market Odds of Biden Dropping Out Surge to 78% - Major Announcement Anticipated,0
33,0.0,1.0,0.0,0.0,Crowdstrike outage closely coincides with ICJ (Hague) ruling against Israel,0
34,0.0,1.0,0.0,0.0,Human society is nothing but a role-playing video game,0
35,0.159,0.53,0.311,0.3182,I created a Chrome Extension to help combat the censorship happening on YouTube,1
36,0.438,0.562,0.0,-0.5994,Crooks' Shots and Corey Comperatore's Death,-1
37,0.358,0.498,0.144,-0.6486,So will we ever truly know the full story with Trumpâ€™s failed assassination?,-1
38,0.0,0.682,0.318,0.4215,Secret service capacity for presidential safety thought. ,1
39,0.0,1.0,0.0,0.0,Streamer follows twitter bots down the rabbit hole and finds cult leader Egon Cholakian.,0
40,0.437,0.563,0.0,-0.4767,Go search cyber attack on X,-1
41,0.0,1.0,0.0,0.0,Why would the secret service tend to Trump's wound when he is still directly in the line of sight of the shooter(s)? ,0
42,0.0,0.856,0.144,0.4939,The actual shooter was in the window below Crooks - he was merely the slight of hand to the marksman magician,1
43,0.0,1.0,0.0,0.0,The Shadow People and the Djinn: Correlations and Personal Experiences,0
44,0.0,1.0,0.0,0.0,Big Mike's going to be on the Dem ticket this Nov...,0
45,0.0,1.0,0.0,0.0,What is your theory on what happens with the election?,0
46,0.0,1.0,0.0,0.0,"Rep. Marsha Blackburn: ""The American people deserve answers from the Secret Service.""",0
47,0.0,1.0,0.0,0.0,Anyone notice Trumps RNC song selection? Coincidence?,0
48,0.0,1.0,0.0,0.0,Can someone explain the Sandy hook conspiracys?,0
49,0.0,0.762,0.238,0.3612,Like something out of Oliver Stoneâ€™s JFK â€œXâ€ Scene,1
50,0.134,0.866,0.0,-0.5267,1979: Raymond Lee Harvey and Osvaldo Espinoza-Ortiz are caught with a starter pistol and blanks claiming theyâ€™re part of a conspiracy to assassinate President Carter.,-1
51,0.288,0.712,0.0,-0.7059,If Trump would have gotten killed. Who would they have replaced him with??,-1
52,0.0,1.0,0.0,0.0,Alternative search engines & video sites to Google & You Tube | stolenhistory.net,0
53,0.0,0.897,0.103,0.3182,Was trying to take a cool pic of the sky. What do you guys think that green thing in the clouds is? ,1
54,0.0,1.0,0.0,0.0,Going down the rabbit hole ADL,0
55,0.128,0.872,0.0,-0.3612,[Meta] Video from the Trump shooting might show a second shooter. There's also a women in the audience acting suspicious.,-1
56,0.0,1.0,0.0,0.0,Massive blue screens on computers around the globe,0
57,0.0,1.0,0.0,0.0,Hanlon's Razor,0
58,0.0,0.706,0.294,0.3612,Breaking: Looks Like Biden May Be Out,1
59,0.0,1.0,0.0,0.0,OMG who is tuning in to the RNC Convention right now?,0
60,0.128,0.872,0.0,-0.296,"Can Anyone Explain The Blood Pattern, And How The Bullet Path Is Lower Than The Ear?",-1
61,0.0,1.0,0.0,0.0,Ballot entry deadlines for presidential candidates,0
62,0.0,1.0,0.0,0.0,Inside Job,0
63,0.0,1.0,0.0,0.0,Follow the Money,0
64,0.0,0.556,0.444,0.34,Lets play a little COVID..,1
65,0.0,1.0,0.0,0.0,Water powered cars,0
66,0.402,0.598,0.0,-0.5719,Trump lied it was glass that cut his ear.,-1
67,0.0,1.0,0.0,0.0,Weltanschauungskrieg ,0
68,0.0,1.0,0.0,0.0,"""A Windows version from 1992 is saving Southwestâ€™s butt right now"" -- (sometimes, 'stone age' computer tech rocks!)",0
69,0.0,1.0,0.0,0.0,Just sayin,0
70,0.0,1.0,0.0,0.0,Oh man ,0
71,0.0,1.0,0.0,0.0,Don Jr. Called Daughter Kai Trump â€˜Sexyâ€™ Before RNC Speech,0
72,0.051,0.949,0.0,-0.0772,Secret Service left Donald Trump exposed on stage for over two minutes after a unknown person was spotted crawling on a roof less that 200 yards away.,0
73,0.0,1.0,0.0,0.0,"Making an animation explaining the water tower theory, Is there anything I should know?",0
74,0.0,1.0,0.0,0.0,Found a Seemingly Familiar Face in a Movie I Was Watching,0
75,0.0,1.0,0.0,0.0,Who can explain me that who are the puppet masters.,0
76,0.293,0.707,0.0,-0.6597,"Yemeni Armed Forces strike Tel Aviv near US embassy office, which resulted in one death. ",-1
77,0.0,0.828,0.172,0.4404,Trump's ties to Dana White and Hulk Hogan make me truly think he bladed himself,1
78,0.0,1.0,0.0,0.0,"We can officially put the blading theory to rest now, right? /s",0
79,0.0,1.0,0.0,0.0,"Products Labeled to Have ""Wild Berries"" Were Really Grown on a Farm",0
80,0.0,1.0,0.0,0.0,V2k (Voice2Skull) Proof,0
81,0.565,0.435,0.0,-0.5994,Trump Assassination Attempt Analysis,-1
82,0.0,0.69,0.31,0.4019,Two shooters? Definitely suppressed vs non suppressed.  ,1
83,0.211,0.789,0.0,-0.4939,Iran Can Produce Fissile Material For Bomb In 'One Or Two Weeks': Blinken,-1
84,0.0,0.929,0.071,0.1901,"I like Trump a lot but has anybody been made aware of the fact his policies are to instantly instate martial law and ""MAGA training camps""? ",0
85,0.0,1.0,0.0,0.0,Are companies going to use this Crowdstrike IT outage to fuel their return-to-office movement?,0
86,0.0,1.0,0.0,0.0,Biden stepping down.,0
87,0.307,0.693,0.0,-0.4767,Trump shooter researched Royal family while planning attack,-1
88,0.0,1.0,0.0,0.0,Global IT Outages on Windows ,0
89,0.0,1.0,0.0,0.0,Does #DJT have an Amphetamine dependency?,0
90,0.0,0.806,0.194,0.0516,"An Apology From Me, Where's Yours?",0
91,0.0,1.0,0.0,0.0,Multiple shooters?,0
92,0.0,0.711,0.289,0.6478,Well at least some people are having a really good evening in Milwaukee at the RNC.,1
93,0.304,0.696,0.0,-0.5423,Was the cybersecurity door left open for bad actors?,-1
94,0.146,0.854,0.0,-0.34,US House speaker: Anyone who â€˜gets out of handâ€™ during Netanyahuâ€™s speech could face arrest,-1
95,0.0,1.0,0.0,0.0,Why was Trump rally â€œBulletâ€ photo shot with 1/8000th lens?,0
96,0.0,1.0,0.0,0.0,7a k,0
97,0.0,1.0,0.0,0.0,Other angles of Trump shooting,0
98,0.0,1.0,0.0,0.0,Eyewitness Testimony of Second Shooter on Water Tower - Main Shooter was Maxwell Yearick NOT Mathew Crooks,0
99,0.358,0.642,0.0,-0.5994,Trump stock shorted heavily day before assassination attempt,-1
100,0.0,1.0,0.0,0.0,@HealthRanger just posited that Secret Service (also) shot at Trump.,0
101,0.266,0.734,0.0,-0.6908,"How do we all kill ourselves and be ""happy"" before adgenda 2030 kicks in?",-1
102,0.0,1.0,0.0,0.0,Convinient cyber outage,0
103,0.0,1.0,0.0,0.0,Rfk?,0
104,0.0,1.0,0.0,0.0,"Biden will step down today or tomorrow, and Trump will pass away in September",0
105,0.459,0.541,0.0,-0.5267,The real conspiracy is DEI.,-1
106,0.0,0.625,0.375,0.4927,The BBC is very clear what their masters want,1
107,0.0,1.0,0.0,0.0,Democratic Nominee,0
108,0.0,1.0,0.0,0.0,Breaking: Senate Briefing ON Trump Rally Shooting,0
109,0.073,0.874,0.053,-0.2023,"If trump had not defiantly stood up and raised his fist to show he was ok , they might have forced him head down into the vehicle and taken him down the road and shot him in the head .",-1
110,0.0,1.0,0.0,0.0,The Ashley Biden Diary,0
111,0.494,0.506,0.0,-0.5994,"Global outages, assassination and covid",-1
112,0.394,0.606,0.0,-0.5994,Joe Rogan on the Trump Assassination Attempt,-1
113,0.0,1.0,0.0,0.0,Do you believe that mind control is far more advance then the media tells you?,0
114,0.324,0.676,0.0,-0.34,Did SS shoot from the window? ,-1
115,0.0,1.0,0.0,0.0,Bidens covid,0
116,0.0,1.0,0.0,0.0,The Soros?,0
117,0.306,0.694,0.0,-0.296,"No, the Trump shooting wasnâ€™t staged.",-1
118,0.263,0.737,0.0,-0.3612,Even people in the bleachers noticed something suspicious ,-1
119,0.173,0.733,0.093,-0.5574,best firend of muslim andrew tate and candace owens groyper democrat muslim brotherhood plant nick fuentes endorsing Thomas Matthew Crooks who tried to kill donald trump. they all get paid by iran/qatar to attack zionist trump,-1
120,0.508,0.492,0.0,-0.4767,Trump Fake Shooting (8:12),-1
121,0.271,0.556,0.174,-0.34,Do We agree Biden knew beforehand about the assassination attempt ?,-1
122,0.231,0.769,0.0,-0.5994,video appears to show that there was a second shooter in the attempted Trump assassination,-1
123,0.294,0.541,0.165,-0.6476,An interesting computer model look of Trump's head movement that saved his life. It was a kill shot...and Trump somehow unintentionally avoided it. Crazy!,-1
124,0.0,0.622,0.378,0.7699,"Despite Trickle-down utter fraud, the rich still push for tax-cut education in schools ",1
125,0.0,0.889,0.111,0.3612,Is it even possible for an average person to scrub their digital footprint? Seems like only the government can do this,1
126,0.0,0.729,0.271,0.6369,"Aged well. Intelligence Community Has ""Six Ways to Sunday To Get Back At You""- Chuck Shumer",1
127,0.0,0.797,0.203,0.4215,Internet went out then right afterwards power went out Southeast United States,1
128,0.0,1.0,0.0,0.0,Rapper Ice Spice caused the Microsoft outage as a promotion for her album titled â€œY2K!â€,0
129,0.189,0.811,0.0,-0.4939,How many legitimate reasons can yall give to why Kamala Harris shouldnâ€™t be president that isnâ€™t just bias or disrespect? ,-1
130,0.0,1.0,0.0,0.0,President Joe Biden considers himself a Zionist in new interview.,0
131,0.0,1.0,0.0,0.0,This lady is uhhh... suspicious...,0
132,0.0,1.0,0.0,0.0,Had it never imagined!,0
133,0.0,0.339,0.661,0.5994,Congratulations JD Vance,1
134,0.0,1.0,0.0,0.0,So now it comes out the gunman flew a drone and get footage of the fairgrounds before the rally. ,0
135,0.0,0.756,0.244,0.7517,According to Joe Biden he isn't going to drop out of the 2024 United States Presidential elections. Do you think this is true or just a bluff?,1
136,0.0,0.847,0.153,0.5423,"Do you think they're going to try to do ""it"" to Trump again? Here's what I think, and please share what you think is going to happen also.",1
137,0.0,1.0,0.0,0.0,This is a test for what is to come.,0
138,0.0,1.0,0.0,0.0,9th shot,0
139,0.397,0.603,0.0,-0.5574,"Barnett: ""Another Psyop Believed by Ignorant and Gullible Americans""",-1
140,0.0,1.0,0.0,0.0,Did you know the US sends $40 million a week to the Taliban??,0
141,0.21,0.701,0.088,-0.6124,If you are over 30 and you think there are good guys/ bad guys in politics you are too stupid to participate in our political system,-1
142,0.147,0.853,0.0,-0.2263,Anyone remember that train full of ammonium nitrate that disappeared last year?,-1
143,0.0,1.0,0.0,0.0,Wait wasn't he.... oh... ohhhhhhh,0
144,0.0,0.526,0.474,0.4019,Beyond Party Mass Control,1
145,0.49,0.289,0.221,-0.4184,"Just a lone crazy guy, we promise!!",-1
146,0.0,0.838,0.162,0.4754,Psychic powers are real and Donald Trump is one of the most powerful psions of our generation.  ,1
147,0.0,1.0,0.0,0.0,Deepstrike (FKA Crowdstrike): what's next?,0
148,0.367,0.633,0.0,-0.7003,Why do judges keep letting criminals out of jail or dropping charges?,-1
149,0.0,1.0,0.0,0.0,Ukraine is literally Afghanistan 2.0,0
150,0.0,1.0,0.0,0.0,Did the earthquake guy have his youtube channel deleted?,0
151,0.159,0.671,0.171,0.0516,The True Purpose of the Pyramids: You've Been Lied to for Too Long,0
152,0.0,1.0,0.0,0.0,"If WWIII were to start, this is how I think it might.",0
153,0.0,0.581,0.419,0.5574,Biden tests positive for COVID-19 again. ,1
154,0.167,0.726,0.107,-0.34,Where's the data from the phones being tracked at Trump's attempted assassination like they did at the J6 event ?,-1
155,0.145,0.855,0.0,-0.5267,I am offering you the red pillâ€¦ This is the Illuminati. this is who runs our society. The worlds biggest conspiracy. Part  1 ,-1
156,0.0,1.0,0.0,0.0,Navitaire is down,0
157,0.0,1.0,0.0,0.0,F*ck the right and f*ck the left! ,0
158,0.115,0.709,0.176,0.5445,"Terrifying but true. And it still goes on today.: ""MKULTRA is not a 'conspiracy theory.' It's documented. 99% of files were destroyed. The 1% (or less) that didn't get burned showed that the FBI and CIA would experiment on test subjects, and use them to commit murders.""",1
159,0.0,0.543,0.457,0.6369,Whatâ€™s your best theory on 9/11?,1
160,0.0,1.0,0.0,0.0,ALiEN SHENANiGANS ,0
161,0.0,1.0,0.0,0.0,Proof that Maxwell Yearick started to had his right ear gauge closed. Which will fold after stitches n repair. ,0
162,0.0,1.0,0.0,0.0,Watertower shooter.,0
163,0.0,0.753,0.247,0.3182,Breaking ðŸš¨: Original Footage of Drone striking Tel-Aviv,1
164,0.0,1.0,0.0,0.0,Its a Game of Thrones,0
165,0.0,1.0,0.0,0.0,Russia and China are pushing for a digital-only centralized world currency,0
166,0.583,0.417,0.0,-0.7906,That's insane. He's supposed to be dead,-1
167,0.0,1.0,0.0,0.0,"The FBI canâ€™t figure out whose cocaine was in the White House. 
The FBI canâ€™t find the DNC bomber. 
The FBI canâ€™t open the shooterâ€™s phone. 
 See a pattern?",0
168,0.0,1.0,0.0,0.0,Has this woman been scrubbed from the Trump video?,0
169,0.0,1.0,0.0,0.0,JD Vance is a wolf in sheepâ€™s clothing. ,0
170,0.0,1.0,0.0,0.0,"Someone sent this to Wallstreetsilver on Instagram and asked to remain anonymous. Also, he supposedly walks miles with ammo and his rifle to his final destination. Nothing adds up",0
171,0.0,1.0,0.0,0.0,Outage for airlines and border?,0
172,0.0,0.667,0.333,0.5411,Save this video for the next hundred years!,1
173,0.142,0.766,0.091,-0.34,"I'd like to know which politicians made large, sudden, financial moves on the day of, or the day before, the supposed assassination attempt. ",-1
174,0.0,0.777,0.223,0.3182,"That $11 million sure is a ton of money, Joe.",1
175,0.0,1.0,0.0,0.0,Thomas crooks over last 2 years ,0
176,0.0,0.777,0.223,0.4871,Could this be true? Could be real that he has been mudered? ,1
177,0.0,1.0,0.0,0.0,Could Kieth Gill be funded by an American rival?,0
178,0.0,1.0,0.0,0.0,"Representative Burchett on the attempt on Trump's Life: ""This isn't a swamp, its a sewer. There's an infiltration""",0
179,0.0,1.0,0.0,0.0,Crowdstrikeâ€™s ties to DNC,0
180,0.154,0.769,0.077,-0.34,Butler Township police officers saw Thomas Crooks on the roof with a weapon and announced on the shared emergency radio channel that there was a shooter on the roof.,-1
181,0.0,1.0,0.0,0.0,Where can I find the Adam and eve story from Thomas Chan (I think thats his name),0
182,0.262,0.738,0.0,-0.5994,"Trump assassination attempt: the uniparty's ploy to get rid of ""undesired"" candidates?",-1
183,0.0,1.0,0.0,0.0,Check out the comments in this video on Optigenetics -  I became part of the club today. ,0
184,0.0,1.0,0.0,0.0,Crowdstrike? Really?,0
185,0.0,0.915,0.085,0.4019,The 2025 population cull (remember Deagol?) - This was posted on yt back in 2013... Agenda 21 etc... Interesting to see how much of what was predicted has come to pass.,1
186,0.114,0.886,0.0,-0.1406,Iâ€™m ignorant but how does one company going down cause hospitals to close ,0
187,0.304,0.696,0.0,-0.5423,Name all 34 Felonies that trump was convicted on. ,-1
188,0.0,0.385,0.615,0.4939,666 hand sign,1
189,0.0,1.0,0.0,0.0,"Something isn't sitting right with me about the ""one in a million"" photograph of the bullet streaking behind Trump.",0
190,0.0,0.577,0.423,0.296,"Ok, Hear me outâ€¦",1
191,0.0,1.0,0.0,0.0,Trump's shooting illustrated ,0
192,0.0,0.937,0.063,0.2724,"You guys know that all of the world's most ""influential creators"" on social media are not independent, but are rather all managed by the same company, right?  Look up Night Media Inc.",1
193,0.0,1.0,0.0,0.0,world of warcraft private servers using pedo symbols that also infect your computer with malware to generate income,0
194,0.0,1.0,0.0,0.0,Corey Comperatore - name symbolism,0
195,0.145,0.855,0.0,-0.5267,I am offering you the red pillâ€¦ This is the Illuminati. this is who runs our society. The worlds biggest conspiracy. Part  2,-1
196,0.171,0.753,0.076,-0.4371,"Divide and conquer: they can't hide their conspiracies, so they divide us on what the conspiracy is",-1
197,0.223,0.777,0.0,-0.3182,Anyone else notice the odd behavior from this lady? ,-1
198,0.0,1.0,0.0,0.0,UFO's can manifest Interdimensional PORTALS that are used to cross in and out of the Astral Dimension/AFTERLIFE. This was drawn up from a 2018 Mufon report,0
199,0.0,1.0,0.0,0.0,The Boys Episode 8 slipped,0
200,0.0,1.0,0.0,0.0,"John McAfee posts on Twitter in 2020 - Biden 'quits' after being medically diagnosed as unfit in September. This news was brought to light by 'Russia's first time traveler'.  Also states, 'You'll never guess who they chose.'",0
201,0.231,0.769,0.0,-0.2732,"Ripley - ""Did IQs just drop while I was away?""",-1
202,0.0,1.0,0.0,0.0,I bet they were running a drill at the Trump rally to simulate a shooter. Why else would everyone stand down,0
203,0.0,0.597,0.403,0.4019,Need some help finding a video...,1
204,0.0,1.0,0.0,0.0,What is the connection between Israel and the globalist?,0
205,0.15,0.85,0.0,-0.6597,The Plane Piloted By John F. Kennedy Jr. Exploded In Mid Air. The Explosion Was Seen By 10 Witnesses. JFK Jr. Was Murdered By The Illuminati,-1
206,0.0,1.0,0.0,0.0,What do you guys think about this?,0
207,0.136,0.813,0.051,-0.4939,"Georgia Guidestones destroyed July 6, 2022 and never mentioned again. Who ordered/paid to have remnants of the Guidestones torn down same day. Heavy equipment like this costs $. NWO did it because the sheep were noticing stones engraved demand of ""World Population 500 Million""",-1
208,0.0,0.753,0.247,0.3182,BLACROCK owns a Huge Stake in Crowdstrike (cyber security),1
209,0.0,0.593,0.407,0.8519,The ðŸ˜ party symbol is out. Created a new symbol for what I hope could be a new political party: behold the phoenixðŸ¦â€ðŸ”¥ ,1
210,0.0,0.883,0.117,0.4449,"If you're in charge of the Secret Service and the former president gets shot on your watch, how are you not immediately fired?",1
211,0.0,1.0,0.0,0.0,Drone footage of ground after shooting,0
212,0.373,0.627,0.0,-0.91,Why is no one talking about this angle? Kid could have been kidnapped and forced to do it under threat of death on his family.,-1
213,0.161,0.839,0.0,-0.6124,why did they let DJT stand up after receiving a confirmation that the shooter is down without checking for other threats? Because thy KNEW there was no other shooter.,-1
214,0.0,1.0,0.0,0.0,Nuclear disarmament ,0
215,0.0,0.638,0.362,0.1779,AWS Amazon CIA files,0
216,0.0,1.0,0.0,0.0,The Democratic Partyâ€™s Politburo is currently recruiting their own Gerald Ford,0
217,0.0,1.0,0.0,0.0,TMC only used one Social Media platform apparently.... STEAM?,0
218,0.0,0.909,0.091,0.2732,"Thomas Matthew Crooks' phone had searches for both Trump and Bidenâ€”as well as Attorney General Merrick Garland and F.B.I. Director Christopher Wray.

",1
219,0.0,0.854,0.146,0.443,How do We know the shot was real ? How do We know it's not fake blood or whatever ?,1
220,0.0,1.0,0.0,0.0,Why are we not seeing anything about the one who wasnâ€™t the shooter? Both seem to be gone.,0
221,0.0,0.61,0.39,0.4939,This is getting out of hand,1
222,0.0,0.796,0.204,0.5562,"Trump literally just said ""I'm trying to buy your vote! I'll be honest about that...""",1
223,0.762,0.238,0.0,-0.4939,Biden's illnesses ,-1
224,0.131,0.805,0.064,-0.3182,The National Citizens Inquiry is an organization set up to examine Canadaâ€™s totalitarian response to the Covid pandemic. The Inquiry has held hearings in eight Canadian cities where those who were adversely affected by the governmentâ€™s heavy hand and deadly vaccine side effects spoke.,-1
225,0.199,0.654,0.147,-0.4404,The Trump assassination attempt doesn't signal any kind of revival. It indicates the end. Institutions designed to protect and inform the public are now a threat to public safety,-1
226,0.298,0.702,0.0,-0.5267,How come nobody ever talks about Trump's January 6 Conspiracy?,-1
227,0.267,0.548,0.185,-0.296,Interesting fact: 3 of the last 5 Republican presidents experienced assassination attempts,-1
228,0.095,0.905,0.0,-0.25,Just finished the Boys final episode. Kinda creepy how it's such propaganda for the upcoming real world election. Anyone notice?,-1
229,0.0,1.0,0.0,0.0,"Ursula and Sabina Eriksson Case: MKUltra, satanic possession? ",0
230,0.0,0.465,0.535,0.3182,Truth stream Media,1
231,0.0,1.0,0.0,0.0,Kim Cheatle's ties to Cheney and Biden,0
232,0.0,1.0,0.0,0.0,New news about the shooter..,0
233,0.273,0.727,0.0,-0.4588,Which rapper said artists are forced to back mask?â€¦,-1
234,0.151,0.616,0.233,0.296,Missing on Long Island: The Isaiah Henriquez Story - A Quest for Justice,1
235,0.0,1.0,0.0,0.0,ABC News: Secret Service spotted Trump shooter on roof 20 minutes before shooting,0
236,0.0,1.0,0.0,0.0,There Are a Lot More of Us Out There Than You Think,0
237,0.0,1.0,0.0,0.0,Thomas Mathew Crooks disappearing belt,0
238,0.0,1.0,0.0,0.0,Coincidence?,0
239,0.432,0.568,0.0,-0.872,Donâ€™t mean to spread fear and panic. But weâ€™re heading for another crisis within a year right?,-1
240,0.0,0.833,0.167,0.6597,"Biden has covid, his party has wavered in support, and he plans to stay in the raceâ€¦wouldnâ€™t it be convenient ifâ€¦. (You fill in the rest of the sentence)",1
241,0.071,0.883,0.046,-0.1184,"Google ""Trump Ralley shooting secret service"" No images of the event. Chat gpt removes any mention of ss or details about ballistics of shooting every time i copy and paste it and ask it to put my script in order and not remove a word."" Please help me out with the shot count, if anybody knows it.",0
242,0.517,0.483,0.0,-0.9169,"If you are a die hard Democrat or a die hard Republican, I have news for you. You are an idiot",-1
243,0.206,0.794,0.0,-0.5994,Blackrock: BlackRock-linked firm under scanner for shorting of Trump stock before assassination attempt - Times of India,-1
244,0.0,1.0,0.0,0.0,Plan A was assassinating Trump. That didnâ€™t work so plan B is Biden dying from â€œcovidâ€ so they can replace him on the ticket ,0
245,0.174,0.536,0.29,0.3818,"Please present your best, fully detailed evidence that Donald Trump orchestrated his own Assassination attempt.",1
246,0.0,1.0,0.0,0.0,What exactly is that trace?  Let's try to analyze it.,0
247,0.0,1.0,0.0,0.0,The nature of psyops ,0
248,0.0,0.815,0.185,0.5267,"""Crooks operated several accounts on encrypted platforms that they are still working to gain access to""",1
249,0.0,1.0,0.0,0.0,Looking for a 4Chan (Green Text post) about Mr Beast,0
250,0.0,1.0,0.0,0.0,CIA is corrupt,0
251,0.241,0.668,0.091,-0.743,"Does Joy Reid actually think the U.S. Secret Service, run by President Joe Biden, was in on faking an assassination plot against Donald Trump? There are ""conspiracy theories"" and then there's this. ",-1
252,0.135,0.865,0.0,-0.1027,"""Lady MacBiden"": Does Dr. Jill Biden Need to be Questioned?",0
253,0.0,1.0,0.0,0.0,3 Witnesses Saw a 2nd Shooter On The Watertower (Trump),0
254,0.0,1.0,0.0,0.0,Pittsburgh motorcycle officers transferred after working Trump rally,0
255,0.0,0.87,0.13,0.128,Should it be Legal for Billionaires to Use AI Against You?,0
256,0.0,1.0,0.0,0.0,"A Pile of Facts and Evidence Showing that the Deep state / Globalist / CIA / Political Elites ""Knew"" that Trump was Going To Be Assassinated While Speaking at His Rally on July 13th, 2024. Because They Were the ones Orchestrating It.",0
257,0.108,0.892,0.0,-0.1779,Is it weird to put 12 mln puts on $DJT on the 12th of July?,0
258,0.205,0.795,0.0,-0.4767,Former CIA Agent and CNN Commentator arrested for working with South Korean government ,-1
259,0.0,1.0,0.0,0.0,Talking groups,0
260,0.0,0.571,0.429,0.4588,What do you honestly believe?,1
261,0.0,1.0,0.0,0.0,South Korea female shadow cabal/government,0
262,0.0,1.0,0.0,0.0,The audio analysis proves at least 2 (most likely 3) different shooters and 9 total shots ,0
263,0.0,1.0,0.0,0.0,Whistleblowers allege hardly any Secret Service agents at Trump rally during shooting,0
264,0.0,1.0,0.0,0.0,As expectedâ€¦,0
265,0.182,0.818,0.0,-0.3252,Moral of the story is dont look like a simp so the government wont want to MKUltra you. ,-1
266,0.0,1.0,0.0,0.0,What do people think of this??,0
267,0.388,0.612,0.0,-0.6908,The conspiracy theories surrounding the Trump shooting are contradicting one another,-1
268,0.0,0.826,0.174,0.2732,"How To Create a Lifestyle OPPOSITE of Bill Gates' High-Tech, Globalized Lifestyle",1
269,0.0,1.0,0.0,0.0,Prediction: Biden Wonâ€™t Live To See August 1,0
270,0.17,0.739,0.091,-0.4215,"A private hedge went yolo on put options for DJT, trumps etf, less than 24 hours before his assassination attempt",-1
271,0.459,0.541,0.0,-0.5267,"Conspiracy, mental health and marginalization.",-1
272,0.277,0.579,0.145,-0.4939,A fascinating video which has Stanley Kubrick admitting to faking the moon landing just before his untimely death,-1
273,0.0,1.0,0.0,0.0,Why did Time change the cover? ðŸ¤”,0
274,0.409,0.591,0.0,-0.8519,1182/-- King Cancer Will Be The Go Ahead Signal For Trump Assassination Attempt= 666,-1
275,0.147,0.769,0.083,-0.25,"Cheatle's bizarre ""sloped roof"" excuse doesn't pass the smell test. She's covering up something.",-1
276,0.0,1.0,0.0,0.0,Shooter on the Opposite Side of the Sloped Roof from the Event,0
277,0.277,0.541,0.182,-0.34,I predict a staged crisis for Harris to boost credibility and competence. ,-1
278,0.0,1.0,0.0,0.0,John McAfee Rabbit Hole,0
279,0.0,1.0,0.0,0.0,The whole world is one big scripted soap opera. ,0
280,0.0,1.0,0.0,0.0,Gaddafi was right about JFK and a lot of other things.  ,0
281,0.0,1.0,0.0,0.0,Airplane banks and such ,0
282,0.196,0.804,0.0,-0.296,Media Freaked Out When Netanyahu Mentioned Amalekites - Because They're Nephilim?,-1
283,0.143,0.699,0.158,0.0868,why do we get only graining video but this cut version is crystal clear but only clips.,0
284,0.0,1.0,0.0,0.0,CBS:  Sniper spotted assassin on the ground near that building using a rangefinder.  Was able to take a picture of him sitting.  (What the fucking fuck?),0
285,0.102,0.836,0.061,-0.168,"Do you guys seriously think that Biden is going to drop out? If so, who is going to take his place? Iâ€™ve never seen CNN bash Biden like this before. Theyâ€™ve been bashing him since the debate.",0
286,0.0,1.0,0.0,0.0,Interesting...,0
287,0.0,1.0,0.0,0.0,Gonna try to call it,0
288,0.0,1.0,0.0,0.0,Trump â€œleakedâ€ phone call to Rfk jr via jimmy dore,0
289,0.0,0.848,0.152,0.3252,Video of Shooter on the Water Tower - Don't Believe the Lies and the Bots,1
290,0.0,1.0,0.0,0.0,Will Trump trade Ukraine to Russia in exchange for Iran?,0
291,0.0,1.0,0.0,0.0,Who do you think the Antichrist is?,0
292,0.0,1.0,0.0,0.0,Musk Tesla YouTube livestream posts keep getting taken down?,0
293,0.531,0.469,0.0,-0.5267,The Tim Golden conspiracy,-1
294,0.0,0.831,0.169,0.6705,"The antidote IS the poison... Russian Cyber security company Kaspersky Labs booted from the US, mere days before their US intelligence contracted competitor Crowdstrike crashes networks in a cyberattackesque ""glitch"".",1
295,0.324,0.676,0.0,-0.802,Do we know where Secret Service Director Kimberly Cheatle was at the time of the failed assassination?,-1
296,0.0,1.0,0.0,0.0,Secret Service inside the building beneath Crooks took the shot at Trump.,0
297,0.355,0.645,0.0,-0.296,No female SS Agents tonight ,-1
298,0.167,0.833,0.0,-0.1027,"Be mindful of disinfo, try to warn others",0
299,0.0,1.0,0.0,0.0,Cheatle Runs Away at RNC,0
300,0.0,1.0,0.0,0.0,Could there be a Second shooter?,0
301,0.328,0.672,0.0,-0.5994,Ukrainian politician suggests Kiev link to Trump assassination attempt,-1
302,0.0,1.0,0.0,0.0,Mensajes subliminales en Netflix; Y tÃº Â¿Que ves?...,0
303,0.0,1.0,0.0,0.0,Was Thomas Crooks' car at AGR building November 2023?,0
304,0.467,0.385,0.148,-0.7003,Biden Is No Longer Biden: A Hilarious Conspiracy of Control and Deception,-1
305,0.0,0.548,0.452,0.5106,An appreciation post for B.o.B,1
306,0.0,1.0,0.0,0.0,EU to start putting Speed Limiters on new cars starting July 2024 ,0
307,0.545,0.455,0.0,-0.5859,You Only Hear One Gun Firing,-1
308,0.295,0.705,0.0,-0.6908,Why are people believing the Trump hating FBI claiming the shooter was Thomas Crooks? No evidence backs it up. ,-1
309,0.0,1.0,0.0,0.0,Future of America?,0
310,0.0,1.0,0.0,0.0,Questions for democrats talking about plans for next 4 years,0
311,0.0,1.0,0.0,0.0,Follow the money,0
312,0.0,1.0,0.0,0.0,Clip of bullet ripping Trumps ear â€¼ï¸,0
313,0.235,0.765,0.0,-0.6808,What the hell is with his dad calling 911 if he didnâ€™t know anything about it ,-1
314,0.0,1.0,0.0,0.0,Per Congressman shooter had 3 encrypted overseas accounts,0
315,0.053,0.796,0.151,0.63,Don't be fooled by Cheatle. SS is saying the roof was steep. But there is a water tower 50m behind the building why was no recon there. Also the slope was like 15degree. That is nothing because marathon runners can easily run roads that is 15d steep.,1
316,0.0,1.0,0.0,0.0,How many media channels were broadcasting the rally live?,0
317,0.0,0.606,0.394,0.0772,"Excuse me, What?",0
318,0.0,1.0,0.0,0.0,Has Joe Biden been seen since the 'covid diagnosis',0
319,0.187,0.813,0.0,-0.3182,Von der Leyen loses vaccine contract transparency case in EU court,-1
320,0.262,0.738,0.0,-0.5994,Youtube Comments Claiming The Russians Were Behind Trump's Attempted Assassination Being Auto-Deleted,-1
321,0.0,1.0,0.0,0.0,Directive 51 is their end goal,0
322,0.0,0.794,0.206,0.3818,Why would Trump have the Deep State secret service protect him?,1
323,0.0,0.652,0.348,0.4939,Investigating Austin Private Wealth Shorting Trump's Stock,1
324,0.0,1.0,0.0,0.0,Is something major going on?,0
325,0.0,0.872,0.128,0.5267,"For those interested in the recent news regarding Crowdstrike, Crowdstrike is part of the Global Cyber Alliance, part of the WEF-led effort to  force you to adopt digital ID for internet acces.",1
326,0.0,1.0,0.0,0.0,Trump was looking in the direction of the water tower when he got hit. Green line = where the shooter was seen on videos. Red line = where the media reported him to be.,0
327,0.231,0.769,0.0,-0.2732,Theory where the shooter actually WAS a lone wolf,-1
328,0.393,0.607,0.0,-0.6739,RNC Leaning into New World Order symbols? WTF,-1
329,0.083,0.833,0.083,0.0,"In less than a week. Trump was almost â€œunalivedâ€ on live TV, and now a â€œbugâ€ brought down critical infrastructure worldwide. Israel moving to the final solution.",0
330,0.0,0.839,0.161,0.3612,Media is making it sound like biden is dropping out when he actually doesn't. ,1
331,0.11,0.89,0.0,-0.5719,"It's absolute insanity to think that the Trump shooting was on the up and up. Anywho, Westler and kayfabe expert Hulk Hogan is going to speak before Trump at the RNC.",-1
332,0.0,1.0,0.0,0.0,"""Unicef"" July 2012 campaign?",0
333,0.0,1.0,0.0,0.0,Trump isn't creepy.,0
334,0.268,0.601,0.131,-0.3612,Capitol Police stop 21-year-old with AK-47 and Scream mask outside of RNC security perimeter,-1
335,0.0,0.816,0.184,0.4019,Elon Musk plans to support Donald Trump's campaign by contributing $45 million a month.,1
336,0.0,1.0,0.0,0.0,Location of Corey Comperatore in relation to the shooter and Trump,0
337,0.0,1.0,0.0,0.0,Photographer Doug Mills Captured Bullet and Bush on 9/11,0
338,0.0,0.824,0.176,0.4574,Crowdstrike Involved in Russia / DNC Shenanigans in 2016. The timing of today's outage is interesting!,1
339,0.474,0.526,0.0,-0.6705,They wanted Trump to get killed.,-1
340,0.0,1.0,0.0,0.0,BBC knew 3 days in advance about global outage.,0
341,0.0,0.686,0.314,0.4939,"Trump says his hand was ""covered with blood""",1
342,0.303,0.599,0.099,-0.7003,"We know A.I. is being used to spread misinformation but this is ridiculous. It lies then immediately admits to it's ""confusion"".",-1
343,0.0,1.0,0.0,0.0,Could this outage be something else? ,0
344,0.0,1.0,0.0,0.0,Facts about Trump's attempted assasination AND further questions we need answered.,0
345,0.0,1.0,0.0,0.0,Is this internet outage the start of the â€œend?â€,0
346,0.0,1.0,0.0,0.0,Trump shooter had a detonator (also donated to Democrats),0
347,0.147,0.667,0.187,0.1531,Classmates of Thomas Crooks: Is is true he had no social media?,0
348,0.213,0.787,0.0,-0.4019,The New Madrid Fault line has been a focus a lot this year.,-1
349,0.122,0.878,0.0,-0.2057,Black Rock is into some shady dealings. Training a kid to be a shooter isn't surprising.,-1
350,0.0,1.0,0.0,0.0,Repost from another thread on Ken Griffin Citadel,0
351,0.0,1.0,0.0,0.0,Was the â€œoutageâ€ today linked to the Trump shooting? ,0
352,0.0,0.881,0.119,0.2263,Army of VETERANS who are prepared to do whatever is necessary after TRUMP Assasination attempt,1
353,0.618,0.382,0.0,-0.7964,20 Key Questions Exposing the Trump Assassination Hoax,-1
354,0.0,1.0,0.0,0.0,What does Israel have that makes them untouchable?,0
355,0.263,0.737,0.0,-0.3612,Do you think Computers are fallen angel technology?,-1
356,0.0,1.0,0.0,0.0,Why didn't Secret Service see the WIDE OPEN window 20 feet from the shooter? Was there a another shooter there?,0
357,0.215,0.785,0.0,-0.7506,"Speaker of the US House of Representatives, Mike Johnson, says heâ€™ll arrest members of Congress that oppose the speech of a leader of a foreign adversary. Does this violate the First Amendment?",-1
358,0.0,1.0,0.0,0.0,Who actually are the globalists Alex jones speak of?,0
359,0.146,0.854,0.0,-0.34,"If the President is controlled by hidden powers, why can't they get Biden to resign?",-1
360,0.0,1.0,0.0,0.0,"""outsider"" candidate",0
361,0.0,0.78,0.22,0.4767,1185/--- Thomas Matthew Crooks Is Training In The Central Intelligence Agency= 666,1
362,0.0,1.0,0.0,0.0,"Butler, Pennsylvania on October 31, 2020 - Trump Rally ",0
363,0.0,1.0,0.0,0.0,Now what happens?,0
364,0.155,0.42,0.424,0.7506,The rich and powerful live lives of absolute pleasure while we live in misery. ,1
365,0.355,0.645,0.0,-0.296,Suspect walking around before shooting,-1
366,0.0,1.0,0.0,0.0,And police didn't respond WHY?!?!?!,0
367,0.0,0.517,0.483,0.4215,How true is this?,1
368,0.0,1.0,0.0,0.0,I don't buy that this is the guy who did this,0
369,0.0,1.0,0.0,0.0,RNC Trump speech ,0
370,0.244,0.664,0.092,-0.6249,"I would rather be banned from every social media platform in existence than use idiotic, newspeak gibberish like â€˜unaliveâ€™ â€˜grapeâ€™ or â€˜pew-pewâ€™. ",-1
371,0.0,1.0,0.0,0.0,2 shooters. One a patsy the other the assassin,0
372,0.0,1.0,0.0,0.0,TEST #0. How the world will react when it goes dark.,0
373,0.27,0.556,0.175,-0.296,Is there a conspiracy on Disney helping to rewrite history?,-1
374,0.343,0.657,0.0,-0.6908,Man with AK-47 At RNC (trying to kill more Republicans?),-1
375,0.597,0.403,0.0,-0.8126,The Delphi Murders conspiracy - The Patty Family,-1
376,0.0,1.0,0.0,0.0,Steve Bannon filmed Jeffrey Epstein for 15 hours. His 'documentary' has never surfaced.,0
377,0.0,1.0,0.0,0.0,What do yâ€™all think is in Antarctica?,0
378,0.0,1.0,0.0,0.0,How would the shooter kid know the ONE roof that would be undefended? It doesnâ€™t make sense.,0
379,0.216,0.784,0.0,-0.5106,We might see a bank run start today that could trigger a global bank failure,-1
380,0.0,0.791,0.209,0.4404,"Distilled water is safe, so why aren't we allowed to drink it",1
381,0.0,1.0,0.0,0.0,Biden has covid and cant speak tonight.,0
382,0.284,0.655,0.061,-0.8807,"A lot of people think the assassination attempt was supposed to ignite a civil war, if a civil war in the US were to break out what do you think it would look like? ",-1
383,0.63,0.37,0.0,-0.5267,Tsarnaev brothers conspiracy,-1
384,0.0,1.0,0.0,0.0,"Butler, Pa. commissioner: 'Absolutely not correct' building was responsibility of local police",0
385,0.0,1.0,0.0,0.0,Was Obama a Manchurian candidate for the US Monroe doctrine since Kenyan troops are now in Haiti?,0
386,0.198,0.802,0.0,-0.4019,"Secret Service Whistleblowers Reveal Staffing Shortages Because of NATO Summit, Jill Biden Event Put Trump at Risk",-1
387,0.706,0.294,0.0,-0.34,Am I crazy,-1
388,0.524,0.476,0.0,-0.296,Crowdstrike / SS Cover-up,-1
389,0.0,0.714,0.286,0.25,Convince me these are unrelated stories,1
390,0.0,0.737,0.263,0.5093,Looks like some people had a feeling that Trump would run into some major misfortune!,1
391,0.073,0.743,0.184,0.4989,Not sure what is next but it's sort of thrilling to know I'm here to witness it.,1
392,0.0,1.0,0.0,0.0,Video with both Cross and Yearick??,0
393,0.0,1.0,0.0,0.0,"Can anyone tell me, what exactly is an â€œencrypted over seas account?â€",0
394,0.286,0.714,0.0,-0.0516,Leave the world behind ,0
395,0.111,0.889,0.0,-0.1877,You will never convince me that this isn't all the fallout from Occupy Wall Street.,0
396,0.064,0.904,0.032,-0.2732,"When Biden steps down or is replaced in the next few days, remember all the politicians and pundits who said unequivocally today that Biden is going to be the nominee no matter what",-1
397,0.145,0.855,0.0,-0.5994,The photographer that took the infamous picture of Bush learning about 9/11 also took the famous photo of Trumpâ€™s assassination attempt. Is this a coincidence?,-1
398,0.134,0.866,0.0,-0.5251,"Maybe nothing, but this clip was kind of odd. Why would he point his rifle at trump after hearing something on his headset?",-1
399,0.0,1.0,0.0,0.0,it's not the first time.,0
400,0.0,1.0,0.0,0.0,"What does ""based"" mean in this title? -- Based Trump Knew: Israeli Space Chief Confirms",0
401,0.0,1.0,0.0,0.0,If the ear isn't mangled....,0
402,0.116,0.776,0.108,-0.0516,I feel like i just took a master class crash course on conspiracies/ugly truths/get out of matrix/critical thinking after watching all of these.,0
403,0.189,0.743,0.069,-0.6369,Elon Musk is misleading people by suggesting we are in an innocent game. This simulation is run by the demiurge and the way people die is proof of that. ,-1
404,0.0,1.0,0.0,0.0,"documents establish social media censorship about Hunter Biden, now look at this",0
405,0.0,1.0,0.0,0.0,JD Vance is an elite,0
406,0.0,1.0,0.0,0.0,Black motorcycle pulled up to building moments before Trump shooting happened.,0
407,0.262,0.738,0.0,-0.5994,WSJ: Trump Gunman Flew Drone Over Rally Site Hours Before Attempted Assassination,-1
408,0.3,0.7,0.0,-0.7184,"The Religions are false, full of lies with stolen stories and morals from the old ways.",-1
409,0.0,1.0,0.0,0.0,Did they crop out the part where he was holding a rifle or what? I have never seen the full picture.,0
410,0.0,1.0,0.0,0.0,More Evidence this Was a Set Up,0
411,0.405,0.595,0.0,-0.5267,"How to ""Iron Man"" your conspiracy",-1
412,0.444,0.556,0.0,-0.4939,CNN blaming Iran for shooting. ,-1
413,0.0,1.0,0.0,0.0,The Whole Thing Was About Trump Taking Out Crooks,0
414,0.0,1.0,0.0,0.0,"Could anyone provide a link of the video that shows JD Vance walking down a hallway with a bunch of Hasidic Jews? Saw it on Instagram earlier, but can't find it anywhere...",0
415,0.0,1.0,0.0,0.0,Republican Plot to Replace Trump?,0
416,0.362,0.638,0.0,-0.5267,What conspiracy has had the most anomalies? ,-1
417,0.146,0.854,0.0,-0.6833,The Official Story Of Shooter Doesn't Make Any Sense: Jimmy Dore discusses just how preposterous every aspect of the official narrative surrounding this assassination attempt is increasingly becoming.,-1
418,0.0,1.0,0.0,0.0,The UFO LANDING 'Witnessed' By School Children In Zimbabwe,0
419,0.371,0.479,0.15,-0.5719,People who believe conspiracy theories tend to report greater childhood adversity,-1
420,0.127,0.617,0.256,0.4588,What if Thomas Matthew Crooks was an unwitting asset of Ukraine intelligence trying to end Trump's promise to end the war in Ukraine?,1
421,0.0,0.732,0.268,0.5267,Lots of Paid assets and Disinfo agents aka 3 letter agency's active in this sub.,1
422,0.0,1.0,0.0,0.0,Intriguing Question,0
423,0.0,1.0,0.0,0.0,1188/----- 911 signalling in the movie Double Indemnity during WW2,0
424,0.22,0.714,0.066,-0.6808,"Representative Cory Mills, former Sniper, security specialist, and current Armed Services Committee member - shocks CNN host when he states it could have been a planned conspiracy based on the facts alone.",-1
425,0.0,1.0,0.0,0.0,Its all a setup,0
426,0.286,0.714,0.0,-0.34,How many shots did the shooter shoot?,-1
427,0.0,1.0,0.0,0.0,"Butler, PA is the hometown of the cofounder of The Carlyle Group",0
428,0.0,1.0,0.0,0.0,"The Biden regime going after another politician.  They aren't after Bob Menendez, they're after you, he's just in the way!",0
429,0.095,0.905,0.0,-0.4871,"A ""glitch"" in the system? Threads are being posted, comment counters are showing activity, but no comments are visible, even to moderators... only seems to be happening on D-Bait threads. Twilight Zone?",-1
430,0.0,0.855,0.145,0.4696,Are you paying attention? Did you notice a tribe of billionaire Silicon Valley ghouls just bought their own political party?,1
431,0.0,0.635,0.365,0.3182,Hmm this picture is cool. ,1
432,0.27,0.73,0.0,-0.5719,Common Sedative Could Break Consciousness by Tipping Your Brain Into Chaos,-1
433,0.0,0.667,0.333,0.3612,Maybe it's like the movie salt,1
434,0.494,0.506,0.0,-0.7804,The Mississippi 'UFO ABDUCTION' That Shocked The Town Sheriff,-1
435,0.0,1.0,0.0,0.0,Alternate Timeline,0
436,0.175,0.825,0.0,-0.5267,How does the government have access to the DNA and biometric data of someone that isnâ€™t a criminal? ,-1
437,0.206,0.794,0.0,-0.5994,"Sniper took picture of Trump rally shooter, saw him use rangefinder before assassination attempt, source says",-1
438,0.0,1.0,0.0,0.0,Crooks did not seem to be liberal.,0
439,0.0,0.775,0.225,0.4404,Where are some good places on the internet for awake people,1
440,0.17,0.746,0.084,-0.644,"The United States Secret Service knew the roof accessed by Thomas Crooks was â€œHigh Vulnerabilityâ€ location, yet no one sought to secure the area prior to the rally. So if Secret Service knew the roof could pose a danger, why did they leave it unguarded? Was it incompetence or part of a larger plan?",-1
441,0.116,0.884,0.0,-0.1779,did Trump know something? timeline moments and clips from Butler rally that seem weird,0
442,0.256,0.625,0.119,-0.5267,Any thoughts on why four officers who responded to January 6 have committed suicide?,-1
443,0.143,0.857,0.0,-0.4588,Mike from Mrgunsngear breaks down the failures of the SS that lead to the shooter having sight on Trump...,-1
444,0.0,0.855,0.145,0.6789,Is the FBI connected to the Trump shooting? This guy thinks they are! The analysis starts around the 20 minute mark but the whole video is really good,1
445,0.0,1.0,0.0,0.0,Whatâ€™s next Nuclear codes?,0
446,0.12,0.707,0.174,0.25,Qatar using its oil & gas wealth to undermine US institutions and push fundamentalist Wahabist Islam,1
447,0.0,0.848,0.152,0.4329,"This was up shortly after the shooting happened, cant find it now? Anyone heard anything like this?",1
448,0.0,1.0,0.0,0.0,CrowdStrike. Where have we heard that name before? The timing is impeccable. ,0
449,0.0,1.0,0.0,0.0,Manchurian Candidate Vibes,0
450,0.085,0.754,0.161,0.3182,"Prediction 7-17-24; Biden is going to use his ""positive covid test"" and the coming ""severe symptoms"" as an excuse to bow out of the 2024 election.",1
451,0.0,1.0,0.0,0.0,How was shooter identified so quickly? DNA?,0
452,0.0,0.667,0.333,0.3612,I think the shooter was a CIA asset ,1
453,0.0,1.0,0.0,0.0,Reddit is really bringing out the bots. Or are they paid shills?,0
454,0.184,0.816,0.0,-0.5233,"Look, when everyone is reporting that itâ€™s â€™not a cyberattackâ€™ then thatâ€™s when itâ€™s totally a cyber attack. ",-1
455,0.221,0.571,0.207,-0.0516,Michelle Obama will be the Dem Nominee - I hope I am wrong.,0
456,0.209,0.675,0.117,-0.3612,What is the best/most compelling conspiracy movie or video you have ever seen?,-1
457,0.0,1.0,0.0,0.0,Hmmm,0
458,0.0,0.926,0.074,0.1531,"Yeah, your job is to literally take a bullet for who you are protecting, but not to stand on a slightly uneven surface.",0
459,0.0,1.0,0.0,0.0,The real tell,0
460,0.0,0.531,0.469,0.6625,BRAVE MEN Spotted on SLOPED ROOF!,1
461,0.112,0.888,0.0,-0.34,"Where is the evidence that the military of, wherever, will shoot you down if you attempt to fly over antarctica? ",-1
462,0.36,0.64,0.0,-0.7247,WTF is Kimberly Guilfoyle doing at the RNC behind Trump???,-1
463,0.0,1.0,0.0,0.0,Woman Yelling Crooks Name At Rally,0
464,0.211,0.656,0.133,-0.1655,I don't give a fuck about immigration. It's a non-issue politicians use to trick dumb people into voting for them,0
465,0.0,1.0,0.0,0.0,Radiation ,0
466,0.312,0.578,0.11,-0.5904,The Sissy Porn Agenda EXPOSED -- War on Men & Creation of The Slave Boy,-1
467,0.25,0.75,0.0,-0.5147,Trump - RFK Jr. Phone Call LEAKED! Was Trump In On It?,-1
468,0.412,0.588,0.0,-0.4215,Anyone thinking of protesting now?,-1
469,0.426,0.574,0.0,-0.8853,"Everyone's been focusing on the Trump assassination attempt, but no one's paying attention to this scary development...",-1
470,0.0,1.0,0.0,0.0,Crowdstrike mega thread,0
471,0.0,0.822,0.178,0.0772,The reason why Dems want Joe out,0
472,0.0,1.0,0.0,0.0,Look up. ,0
473,0.454,0.546,0.0,-0.168,"I'm sorry, what??",0
474,0.0,1.0,0.0,0.0,Anyone seeing anything new on Bouvet Island and the frequency someone did a break down on?,0
475,0.286,0.714,0.0,-0.0516,Leave The World Behind,0
476,0.608,0.392,0.0,-0.4767,Kidnapping gone wrong.,-1
477,0.569,0.431,0.0,-0.765,Is Vance dumb or is he a liar?,-1
478,0.524,0.476,0.0,-0.5106,Big dick brother Hogen...,-1
479,0.0,1.0,0.0,0.0,What the heck...,0
480,0.326,0.674,0.0,-0.743,As crazy as it sounds I think the trump assassination was somehow choreographed and pre planned. ,-1
481,0.241,0.759,0.0,-0.4215,"The buck stops with Director Kimberly Cheatle, on this one - no way around it.",-1
482,0.127,0.809,0.064,-0.2732,What large Youtubers / YT channels do you suspect are backed by the government or activist NGOs?,-1
483,0.0,1.0,0.0,0.0,So the secret service was in on it...who knew?,0
484,0.375,0.625,0.0,-0.34,gas leak in small town,-1
485,0.0,1.0,0.0,0.0,Who are these people?,0
486,0.0,1.0,0.0,0.0,The Nationwide internet outage wasn't caused by the Crowdstrike by rather Russian hackers...,0
487,0.0,1.0,0.0,0.0,Transmitter found next to Trump shooterâ€™s body.,0
488,0.392,0.127,0.481,0.1779,"wow, dangerous slope",0
489,0.0,1.0,0.0,0.0,Secret Service spotted Trump rally shooter on roof 20 minutes before gunfire erupted,0
490,0.0,1.0,0.0,0.0,A few points from me about the Trump shooting.,0
491,0.262,0.738,0.0,-0.5994,Biden has Covid ... He will die from it the 24th ... ,-1
492,0.18,0.82,0.0,-0.296,Why COVID-19 is not considered as a biological warfare started by China?,-1
493,0.0,1.0,0.0,0.0,Now they're claiming that Crooks was also trying to assassinate Biden,0
494,0.188,0.673,0.139,-0.25,Alex Jones and Ivan Raiklin discuss how beneficial Trumpâ€™s assassination would be for America (February 2024),-1
495,0.268,0.732,0.0,-0.296,Germ Theory is complete and utter pseudoscience.,-1
496,0.238,0.615,0.146,-0.296,"Whoever ""they"" are, they are trying to spark a retaliatory attack",-1
497,0.0,1.0,0.0,0.0,AI - The hidden invader,0
498,0.0,1.0,0.0,0.0,"I watched a group of hyenas eat an animal alive,it made Me realize thatâ€™s what the politicians ,religious leaders ,and big business are doing to all of us. Consuming us while we watch. ",0
499,0.0,1.0,0.0,0.0,Trump shooter was in a BlackRock commercial,0
500,0.0,1.0,0.0,0.0,What do Epstein and Diddy have in common?,0
501,0.0,1.0,0.0,0.0,"BIDEN: ""You're not going to get Covid if you have these vaccinations""",0
502,0.0,0.856,0.144,0.4019,Secret Service Code Names for each President... Interesting choices on the names and how they are chosen. ,1
503,0.0,1.0,0.0,0.0,About the Europan Hookmouth,0
504,0.0,0.813,0.187,0.3182,Thy Truth about this world that always be hidden from you.,1
505,0.0,1.0,0.0,0.0,In response to the video that was posted here the other day -> Jack Black breaks up his band. ,0
506,0.0,1.0,0.0,0.0,Can you guys imagine living in the timeline where Trump gets assassinated and the next week Biden dies of COVID?,0
507,0.0,0.828,0.172,0.3612,The guy in the Blackrock Commercial looks exactly like Crooks dad. Just sayin.,1
508,0.0,1.0,0.0,0.0,Trump's VP pick has attended Bilderberg meetings 7 times and is another Israel-first puppet,0
509,0.0,1.0,0.0,0.0,Deepstate,0
510,0.262,0.738,0.0,-0.5994,Here are the real questions and answers on the 7/13 Assassination Attempt. ,-1
511,0.0,1.0,0.0,0.0,Possible second sniper ? Audio Analysis,0
512,0.0,0.682,0.318,0.4215,Reddit popular page today (All in a row),1
513,0.315,0.185,0.5,0.25,Recommend good conspiracy content creators,1
514,0.252,0.61,0.138,-0.7134,Everything regarding Politics in the USA is Fake and staged. It's unbelievable people are falling for this pathetically badly staged Trump shooting that looked more like a SNL sketch than anything. How more brainwashed and easily manipulated is the american citizen? ,-1
515,0.0,0.0,1.0,0.4019,Interesting ,1
516,0.328,0.672,0.0,-0.4404,Mark Wahlberg Says Hollywood Pedos Have No Where to Hide,-1
517,0.0,0.714,0.286,0.4215,The Founding Fathers Real Faith was not Christianity ,1
518,0.304,0.696,0.0,-0.8074,"'EVACUATE NOW' - Emergency services order evacuation for parts of Nashville, Illinois, due to ""imminent"" failure of dam after NWS flash flooding warning",-1
519,0.0,0.792,0.208,0.2732,Bots are posting in opposition to student loan forgiveness.,1
520,0.0,1.0,0.0,0.0,Question: I heard that this was the 1st ever Trump rally that CNN broadcast LIVE. ,0
521,0.0,1.0,0.0,0.0,Mapping Bigfoot Podcast ,0
522,0.128,0.722,0.15,0.1027,Trump courts RFK Jr's support in leaked phone call - what is the end goal there?,0
523,0.0,1.0,0.0,0.0,New study proposes aliens could be 'walking among us',0
524,0.0,1.0,0.0,0.0,Trump and his shoes signifying a setup?,0
525,0.0,1.0,0.0,0.0,So now itâ€™s the Iranians who shot Trump ðŸ¤£ðŸ¤£,0
526,0.0,1.0,0.0,0.0,Over a dozen helicopters flying over house in blue ridge mountains NC,0
527,0.244,0.756,0.0,-0.4404,Di you think US involved in Syria to block russians?,-1
528,0.221,0.779,0.0,-0.5267,Google doc on the root cause of conspiracy and actions we can take,-1
529,0.0,0.27,0.73,0.4019,Need help ,1
530,0.17,0.83,0.0,-0.5994,Trump assassination attempt: Thomas Matthew Crooks searched on phone for dates of 2024 Democratic National Convention in Chicago - ABC7 Chicago,-1
531,0.0,0.872,0.128,0.2944,"An extremely compelling case that there were two shooters in Butler, PA via forensic audio analysis.",1
532,0.121,0.879,0.0,-0.296,"Photo is legit, no question. Why would the media edit pictures or videos. Why would they lie? ",-1
533,0.0,1.0,0.0,0.0,what movies show project looking glass in effect ?,0
534,0.0,0.833,0.167,0.5574,President Joe Biden has tested positive for Covid and has canceled his speech at a Las Vegas event in Nevada.,1
535,0.0,1.0,0.0,0.0,Trump Pivots: Now Anti-Vaxxer ,0
536,0.0,1.0,0.0,0.0,does anyone know what this means? (terrestrial humanoid genetic process done by the anunnaki) ,0
537,0.231,0.769,0.0,-0.765,"Why does the same media that told us JFK was killed by lone gunman Oswald, suddenly think we'd believe it over Trump and Crooks",-1
538,0.0,1.0,0.0,0.0,Did Pelosi know about Crowdstrike?,0
539,0.0,1.0,0.0,0.0,not walking around sus at allðŸ˜‚,0
540,0.0,1.0,0.0,0.0,"Hypnagogic Hallucinations or Alien ""Visitation"" ",0
541,0.209,0.613,0.178,-0.128,Any topics within cyber conspiracy that could be good for a mini documentary ?,0
542,0.0,1.0,0.0,0.0,Fandango founder jumped ,0
543,0.161,0.728,0.111,-0.347,Why isnâ€™t anyone talking about the massive short position placed by Austin Wealth LLC on â€œTrump Mediaâ€ THE DAY BEFORE THE ASSASSINATION ATTEMPT.,-1
544,0.0,1.0,0.0,0.0,What if,0
545,0.0,1.0,0.0,0.0,Yoram Hazony runs Natconâ€¦another project funded by *Peter Thiel*,0
546,0.0,0.741,0.259,0.2714,Following the money; Did I solve the case!?,1
547,0.0,1.0,0.0,0.0,"Watertower, Watergate, Water + Tower + Gate = Motte & Bailey. Missouri Attorney General Andrew (M.A.G.A Bailey). Cheatle, Chattel, Cattle. Senators [CHASE] Cheatle [Red Cattle]. Drawbridge. Highbridge. Chase | Highbridge.",0
548,0.0,1.0,0.0,0.0,This man predicted exactly what happened to Trump 4 months ago. ,0
549,0.438,0.562,0.0,-0.5994,Trump assassination photographer speaks to BBC,-1
550,0.0,0.564,0.436,0.7346,My friend had a very interesting manager meeting about civil unrest. ,1
551,0.035,0.772,0.193,0.8485,"A series of religious undertones have surrounded the recent attack on Trump, many are convinced â€˜Godâ€™ or an Angelâ€™s intervention is why Trump is still alive, including Trump himself but could it be true? Do we have any science or indication that such â€˜Divine Interventionâ€™ could be real? Yes, we do",1
552,0.0,1.0,0.0,0.0,He couldn't have walked around with a ladder and an ar-15,0
553,0.661,0.339,0.0,-0.5994,Trump's assassination BS?,-1
554,0.075,0.747,0.179,0.4939,So I live small town mid michigan and I'm pretty sure I just had an a10 warthog fly over a few hours ago seems real odd for this are,1
555,0.0,0.806,0.194,0.34,"8-10 ft bipedal, featureless face, black radiance, glitchy movement, group of 3",1
556,0.661,0.339,0.0,-0.5994,The Trump Assassination,-1
557,0.233,0.479,0.288,0.2023,"The Sound of Freedom was a conservative conspiracy, they said.",1
558,0.0,1.0,0.0,0.0,Global IT Outages on Windows,0
559,0.0,1.0,0.0,0.0,Meteor or Military? Both,0
560,0.418,0.582,0.0,-0.7555,Secret Service COVER-UP Underway; LIES to Local Police; Subpoenas to CHEATLE,-1
561,0.36,0.64,0.0,-0.6037,Trump heard discussing the DANGERS of vaccinating babies,-1
562,0.0,0.58,0.42,0.4404,Explained better than I could've myself,1
563,0.0,0.714,0.286,0.4215,Why are some saying Antichrist prophecy was fulfilled?,1
564,0.172,0.828,0.0,-0.4019,What do you guys think of this interview with a guy detained by the FBI?,-1
565,0.0,1.0,0.0,0.0,2nd Shooter? Evidence based on videos captured at the time of Trump Shooting,0
566,0.31,0.69,0.0,-0.6588,Pure Human DNA Reddit Community so dangerous that a Reddit has hid it from view?,-1
567,0.0,1.0,0.0,0.0,Why do we only have Crooks Yearbook photo to go off of?,0
568,0.0,0.0,1.0,0.2023,Unbelievable.,1
569,0.0,0.517,0.483,0.4215,We know it's true ,1
570,0.328,0.672,0.0,-0.5994,Trump shooter's parents called police hours before assassination attempt,-1
571,0.0,0.801,0.199,0.7717,"""The woman who is the Secret Service Director looks like she is way over her head. Why can't the president appoint the best and the brightest?"" (Oct 1, 2014)",1
572,0.107,0.893,0.0,-0.0516,"Leave the world behind movie is predictive programming, and its coming.",0
573,0.0,1.0,0.0,0.0,All stores are shutting down as most people moved their lives online,0
574,0.0,1.0,0.0,0.0,Why would Blackstone buy ancestory.com when they already own 23 and me!,0
575,0.0,1.0,0.0,0.0,Imagine you're the shooter and this is your plan. How do you know?,0
576,0.0,1.0,0.0,0.0,Itâ€™s about to get Wild !!!!,0
577,0.0,0.776,0.224,0.3818,Is there any proof that Maxwell Yearick is still alive?,1
578,0.0,0.519,0.481,0.5719,It all seems too perfect.,1
579,0.043,0.859,0.098,0.4201,"Ran on ""Change"" kept Bush economic team. Economy most important issue, Obama busy w BofA sponsorship of ""Hamilton"" blatant homage to father of largest bank in US.. No wonder BofA 10yrs going to trial. Comic legend Conan O'Brien interview w ""Flash Boys"" author better than Bloomberg CNBC CNN MSNBC..",1
580,0.0,0.866,0.134,0.4486,Alright reddit! I wonder what the history is on this establishment?? ðŸ¤”ðŸ¤”Do some digging! Shooter trained at this facility for 5 yrs,1
581,0.0,0.913,0.087,0.2057,Hot Take: Bidenâ€™s diagnosis (real or not) will be used as a tactic to stay IN the race. . . not drop out.,1
582,0.0,1.0,0.0,0.0,Ukrainian Telegram channels have published a video that shows a Ukrainian police officer pouring blood from a blood bag on a man in a doctor's coat. ,0
583,0.0,1.0,0.0,0.0,Let me show you something ,0
584,0.0,1.0,0.0,0.0,Just a thought on the events of today ,0
585,0.0,1.0,0.0,0.0,It's Happening,0
586,0.0,1.0,0.0,0.0,Gematria Question,0
587,0.0,0.783,0.217,0.5574,1184/--- 17th July 2024 President Joseph Biden Has Tested Positive For Covid Nineteen= 911,1
588,0.239,0.761,0.0,-0.296,What if Trumps bandage is hiding a neuralink transplant? ,-1
589,0.0,0.817,0.183,0.4824,King CHARLES talking about the Cost of Living wearing his DIAMOND encrusted throne against GOLD,1
590,0.0,1.0,0.0,0.0,1183/---13 July-- Donald Trump Was Shot On Fatima= 322-- Fatima Miracle= 666,0
591,0.297,0.381,0.322,0.0836,Trump's Assassination Attempt Second Shooter Confirmed. ENJOY!,0
592,0.0,0.714,0.286,0.4215,Faiths4Vaccines - Religions that promoted the mRNA Covid Vaccination,1
593,0.0,0.876,0.124,0.34,"We are seeing a trend- from April 2024, Secret Service agent removed from Harrisâ€™s security detail after â€˜distressingâ€™ behavior",1
594,0.174,0.826,0.0,-0.2263,It'll probably start on a Friday. Digital money will disappear - X-Files,-1
595,0.15,0.85,0.0,-0.2755,"Butter made from CO2, not cows, tastes like â€˜the real thingâ€™, claims startup",-1
596,0.438,0.562,0.0,-0.5994,Trump was in on the Assassination,-1
597,0.281,0.719,0.0,-0.5994,Does the attempted assassination prove Trump is indeed not controlled opposition?,-1
598,0.0,1.0,0.0,0.0,"Unsafe to guard, but you can walk on it when it is wet???",0
599,0.127,0.873,0.0,-0.5423,It seems the whole point of this staged event is to turn the tables on the Left and Right. What is allowed and isn't allowed to be Questioned. Who gets to shame who.,-1
600,0.0,1.0,0.0,0.0,Is this a picture,0
601,0.066,0.934,0.0,-0.4871,"""These angels started to capture humans along with 200 beasts from every animal and from every bird for cross breeding."" Did the Book of Giants tell the real origins of dinosaurs and other mythical monsters including half human and animal creatures? Why was this book forbidden?",-1
602,0.0,0.909,0.091,0.0772,Project 2025/Christian Nationalism/The false Sunday Sabbath mandatory Law IS The Mark of The Beast.,0
603,0.0,1.0,0.0,0.0,"Makes total sense, huh?",0
604,0.257,0.743,0.0,-0.7845,The family of the fire chief who was killed at the trump rally could break this case wide open if they sue ,-1
605,0.149,0.763,0.088,-0.3818,Will we ever find out the truth about the Kennedy assassination or has to much time passed to find the real answer?,-1
606,0.0,1.0,0.0,0.0,The illuminati Card Game: The Full Story,0
607,0.0,1.0,0.0,0.0,How many of us had find my phone notifications while the President and Trump were campaigning in the past few days?,0
608,0.231,0.769,0.0,-0.5574,What actual proof do we have to suggest Thomas Crooks even fired a shot? ,-1
609,0.0,1.0,0.0,0.0,False flag ?,0
610,0.242,0.559,0.199,-0.1779,Austin Private Wealth LLC Shady Stock Buys Day Before Assassination Attempt,0
611,0.0,1.0,0.0,0.0,Why are they using a 4 year old photo of the Trump shooter,0
612,0.239,0.761,0.0,-0.7469,"ABC hasn't been covering Trump rallies, but just happen to be covering the one with the assassination attempt",-1
613,0.0,1.0,0.0,0.0,Iran?,0
614,0.0,1.0,0.0,0.0,BREAKING ðŸš¨: Police Comb Through the Van of President Trump's shooter,0
615,0.0,0.866,0.134,0.434,"If you were at the Trump rally, you need to upload your files to the internet and share them widely so that they may never disappear. (hopefully)",1
616,0.0,1.0,0.0,0.0,6 months ago..,0
617,0.178,0.822,0.0,-0.5994,The Government Is Behind The Trump Assassination Attempt.  This Is Why Nothing The Government Officials Are Saying Makes Sense.,-1
618,0.062,0.855,0.082,0.169,"Secret Service Director claims they didnt secure the roof because it was sloped, meanwhile.. the roof behind trump had a steeper slope and was secured. Why does our government gaslight us?",0
619,0.459,0.541,0.0,-0.5267,Secret Service is the threat,-1
620,0.202,0.798,0.0,-0.6199,Is the Rule of Law a scam? Is it all just a show to keep the common people down?,-1
621,0.118,0.882,0.0,-0.1531,No nukes but mustard gas and napalm at Hiroshima and Nagasaki : Michael Palmer,0
622,0.351,0.649,0.0,-0.4019,Crowdstrike crash was an inside job,-1
623,0.27,0.73,0.0,-0.8718,"Candace Owens & Alex Jones: Who Wanted To Kill Trump? | Alex Jones joins Candace to discuss the Trump assassination attempt, vaccines, the deep state, WWIII, and more!",-1
624,0.0,0.675,0.325,0.5927,It's already been changed back but this is funny,1
625,0.0,1.0,0.0,0.0,"Bibi Netanyahu comes to the USA to address Congress on June 24. he will gaslight Congress as he has done twice before. The US Congress will, in turn, again be gaslighting the American public. It is nothing short of stultifying that the US Congress has become a foreign agent of the nation of Israel.",0
626,0.0,1.0,0.0,0.0,"WaPost: Local police alerted the Secret Service before former president Donald Trumpâ€™s rally Saturday that they lacked the resources to station a patrol car outside a key building where a gunman later positioned himself and shot at Trump, according to local and federal law enforcement.",0
627,0.0,1.0,0.0,0.0,Found the location of the Trump shooter sniper photo,0
628,0.0,0.929,0.071,0.2263,"Breaking: Massive drama right now in WH, Kamala advisors straight up telling Biden advisors itâ€™s time to pass the buck, exact words used, per WH official.",1
629,0.0,1.0,0.0,0.0,"Do you remember it as ""Chic-Fil-A""? I do.",0
630,0.0,1.0,0.0,0.0,What is the right half of this photo?,0
631,0.0,1.0,0.0,0.0,The Theatre,0
632,0.0,1.0,0.0,0.0,"Why Weâ€™ll Never Know What Really Happened in Butler, PA",0
633,0.151,0.741,0.108,-0.1761,"I feel like something is about to happen in the usa, but not sure what",0
634,0.224,0.776,0.0,-0.6003,CNN almost cuts feed when Rep Cory Mills suggests that the Failures on July 13 may have been intentional,-1
635,0.0,1.0,0.0,0.0,"If Reddit is own by the elites, why they allowing us to discuss there crimes?  ",0
636,0.0,1.0,0.0,0.0,"Think he really got it or is this just to one up Trump in the ""sympathy"" category?",0
637,0.0,0.588,0.412,0.4215,The freemason symbols true meaning?,1
638,0.0,1.0,0.0,0.0,"Washington Post's columnists, Max Boot, published a piece with his wife about South Korea based on talking points from that government while his wife was allegedly acting as a foreign agent for them.",0
639,0.152,0.848,0.0,-0.3612,Crowdstrike helped advance idea that Russians interfered in US election with dubious Ukraine-related story (2017),-1
640,0.223,0.777,0.0,-0.3182,You now owe $1.5 billion to the victims' families,-1
641,0.288,0.712,0.0,-0.7964,The assassination attempt was a reminder to the Bidenâ€™s that accidents happen. Biden might have genuinely forgotten â€œthe talkâ€ about whoâ€™s really in charge. ,-1
642,0.191,0.721,0.088,-0.3182,"Why are people complaining about the female SS?  Without the one staged in front (hunched over no less), the iconic shot would be blocked.  What a nice coincidence.",-1
643,0.0,1.0,0.0,0.0,"John Wilkes Booth, Lee Harvey Oswald, Thomas Matthew Crooks. Why do assassins always have three names? ",0
644,0.139,0.861,0.0,-0.5267,"Clip of trump getting part of ear blown off. This should silence the left wing ""conspiracy theorists"" link to video in description. ",-1
645,0.0,1.0,0.0,0.0,YouTube Uncensored Search without Guardrails - unmanipulated YouTube search result. ,0
646,0.0,0.888,0.112,0.4144,Do you know how A.I. has been developed through the decades? I know how so if youâ€™d like to know Iâ€™ll let you know. ,1
647,0.0,1.0,0.0,0.0,Finally more people are waking up ,0
648,0.22,0.78,0.0,-0.6072,Three snipers were inside the building the Trump shooter fired from. How did this happen??,-1
649,0.733,0.267,0.0,-0.9001,"Kill Trump, blame Iran, go to war.",-1
650,0.507,0.493,0.0,-0.9062,I saw a video that said logan paul's infamous suicide forest video might have a fake corpse,-1
651,0.358,0.642,0.0,-0.5994,"Sound analysis on the assassination attempt 2 shooters, possibly 3",-1
652,0.223,0.777,0.0,-0.743,Tim Dillon interviews Alex Jones - His take on Trump Assassination Attempt & Deep States next Move - Almost Vomits- Is Alex Right or Bat sh*t Crazy?,-1
653,0.0,1.0,0.0,0.0,Does anyone know what this symbol means ???,0
654,0.0,1.0,0.0,0.0,Trump,0
655,0.515,0.485,0.0,-0.6486,Butler County Commissioner Disputes SS Blaming Them,-1
656,0.0,1.0,0.0,0.0,Trump Megathread,0
657,0.0,1.0,0.0,0.0,Second shooter,0
658,0.341,0.659,0.0,-0.4767,IRAN Now Blamed for the Sloped Roof,-1
659,0.0,1.0,0.0,0.0,5g conspiracies are real ,0
660,0.694,0.306,0.0,-0.7783,Conspiracy Theorist vs Conspiracy Theorist,-1
661,0.399,0.601,0.0,-0.7684,Why Trump planning the attack makes 0 sense but another conspiracy is possible. ,-1
662,0.0,1.0,0.0,0.0,911 post earlier today ,0
663,0.0,1.0,0.0,0.0,This is London right now. Let that f*cking sink in,0
664,0.0,1.0,0.0,0.0,"""I can't believe it's not chemicals""!",0
665,0.0,1.0,0.0,0.0,Time to put trump in the bulls eye,0
666,0.239,0.761,0.0,-0.296,They're hiding something inside there I can feel it,-1
667,0.312,0.688,0.0,-0.7783,Thinking that it was staged by Trump is also a legit conspiracy theory and this is a conspiracy forum.,-1
668,0.0,1.0,0.0,0.0,Why do the 1st 3 shots sound suppressed and the next 3 not? ,0
669,0.121,0.796,0.083,0.1179,When will the genociders pay for doing the genetic weapon on your children who were the safest group against COVID? Till when will you bardon their crimes against humanity?,0
670,0.0,1.0,0.0,0.0,"'July 13 will be my premiere,' Trump rally gunman said on gaming platform before shooting: Sources",0
671,0.0,1.0,0.0,0.0,There are three witnesses that claim there was a second shooter on the water tower!,0
672,0.307,0.693,0.0,-0.4767,I believe there is something far worse going on. ,-1
673,0.11,0.89,0.0,-0.4939,"European Court rules Ursula von der Leyen, President of the European Commission, has acted in violation of European law by maintaining excessive secrecy around COVID-19 vaccine contracts. ",-1
674,0.0,1.0,0.0,0.0,Thomas Crooks' alleged teacher is in an impromptu interview.,0
675,0.744,0.256,0.0,-0.4404,Sound weapons ,-1
676,0.218,0.602,0.18,-0.128,Creepy Game Played by Trump Shooter Prior to Attacks *WTH*,0
677,0.0,1.0,0.0,0.0,â€œShooters downâ€,0
678,0.0,1.0,0.0,0.0,SHOOTER PROBE: FBI Hauls Away Van Belonging to Trump Gunman Thomas Crooks for Forensic Testing,0
679,0.0,1.0,0.0,0.0,Crowdstrike ,0
680,0.196,0.804,0.0,-0.5994,$DJT (Truth Social) stock plummeted before assassination attempt - leads to theory that this was a planned inside job,-1
681,0.162,0.738,0.1,-0.3103,So Georgia Guidestones blew up right after covid goals failed and they never tried to arrest anyone?,-1
682,0.0,1.0,0.0,0.0,BBC posted on crowdstrike 3 days ago,0
683,0.0,1.0,0.0,0.0,Encrypted overseas accounts...,0
684,0.0,0.606,0.394,0.3818,A Unified Theory of Quantum Genealogy ,1
685,0.0,0.93,0.07,0.4588,A hypothesis that the Federal Reserve can set interest rates based on the movements of the planet Mars. Here I have data going back to 1896 that shows how the Dow Jones performed when Mars was within 30 degrees of the lunar node. ,1
686,0.0,1.0,0.0,0.0,Who put this ladder there,0
687,0.0,1.0,0.0,0.0,Joe Biden just got â€œCovidâ€,0
688,0.231,0.769,0.0,-0.5574,BreakingðŸš¨: Footage shows crowd at President Trump Rally reacting BEFORE shots are fired,-1
689,0.0,1.0,0.0,0.0,Bidenâ€™s sudden change of mind.  ,0
690,0.0,0.796,0.204,0.624,Has anyone ever told you to always try to be the most successful person you can be?,1
691,0.0,1.0,0.0,0.0,"So first it was Iran, then the SS saying it wasnâ€™t their responsibility, and now itâ€™s because of a slope? (Sources: Linked below)",0
692,0.0,1.0,0.0,0.0,They say trump will take away your right to vote....,0
693,0.0,1.0,0.0,0.0,Where was Crooks getting range time?,0
694,0.0,1.0,0.0,0.0,Where is Maxwell Yearick now? ,0
695,0.286,0.714,0.0,-0.5574,George SOROS Is Largely Behind The Global Illegal IMMIGRANT Invasion,-1
696,0.0,1.0,0.0,0.0,Simpsons allegory. ,0
697,0.302,0.698,0.0,-0.7783,"A map showing the possible line of fire, the identities and locations of the victims of the attack on Trump. (Zoom In)",-1
698,0.0,0.0,1.0,0.5859,Wow.,1
699,0.079,0.921,0.0,-0.1179,"What do you guys think? Are these questions that need to be answered, or are they just trivial?",0
700,0.0,1.0,0.0,0.0,Audio Analysis suggests (theorizes) Multiple Shooters at Trump Rally this past Saturday:,0
701,0.0,1.0,0.0,0.0,My 2 theories based on what we know so far : either Trump didnâ€™t know or they are all in it,0
702,0.301,0.531,0.168,-0.3612,An actual conspiracy worth hundreds of billions yearly,-1
703,0.0,0.886,0.114,0.2732,"Breaking: Biden's odds just took a massive dip in Prediction market, suggestion anticipated withdrawal from campaign. Kamala Harris has 63% of chance to receive the Democratic Nomination",1
704,0.0,1.0,0.0,0.0,World wide outage,0
705,0.0,0.741,0.259,0.6369,"New video sent to us from Saturday at the Trump rally, best ANGLE",1
706,0.0,1.0,0.0,0.0,If this subreddit has real conspiracies wouldn't they be all removed?,0
707,0.0,1.0,0.0,0.0,how is this possibleðŸ˜…,0
708,0.046,0.954,0.0,-0.3382,The iPhone videotapes you all the time! It records a low framerate (1 frame per 5 seconds) infrared video of you all the time and I bet it also records audio to go along with this video. If you have an iPhone you are literally videotaping yourself to the Big Tech all the time. ,-1
709,0.145,0.855,0.0,-0.5994,"Biden Administration Stonewalls Congressional Investigation into Assassination Attempt (because they are guilting of conspiring to assassinate a former POTUS, is my theory) * details in SS.",-1
710,0.121,0.712,0.167,0.128,"A company called Austin Private Wealth LLC shorted 12,000,000 shares of $DJT via a put option. The filing date is July 12th, the day before the assassination attempt. ",0
711,0.255,0.745,0.0,-0.34,He just wanted to prove he could shoot.,-1
712,0.35,0.493,0.158,-0.5994,"Dead to rights: Trump lies about hand being ""covered in blood"" at RNC",-1
713,0.085,0.915,0.0,-0.1027,Nobody is asking the REAL question here....what nickname do all those people questioning Slopegate get now?,0
714,0.0,1.0,0.0,0.0,BREAKING: Trump shooter Thomas Crooks had â€œ3 encrypted overseas accountsâ€ â€” Rep. Michael Waltz (Râ€“FL),0
715,0.259,0.741,0.0,-0.4215,Maybe Biden has been faking senility this whole time.,-1
716,0.122,0.75,0.128,-0.2023,"Can we have a discussion about ""who benefits"" in this latest assassination attempt. I have a gut feeling, dhs, fbi, these groups can use this event to justify more funding",-1
717,0.402,0.598,0.0,-0.6908,The federal government conspired to murder Donald Trump.,-1
718,0.0,1.0,0.0,0.0,Joe Biden will be Assasinated by the Deep State,0
719,0.0,1.0,0.0,0.0,Why is every single source saying there was a bullet. ,0
720,0.0,1.0,0.0,0.0,The real reason Biden is only stepping aside now,0
721,0.0,1.0,0.0,0.0,"Secret Service was ordered to ""stand down"" for 26 minutes. This according to official congressional inquiry.",0
722,0.034,0.824,0.142,0.5859,"When Biden announces that he is dropping out of the race, he will intentionally leave a vacuum (not endorse Kamala). Because the party determines the nominee, not the voters or their elected representatives ",1
723,0.0,0.789,0.211,0.1531,Rock solid evidence there were two shooters,0
724,0.0,0.714,0.286,0.4215,"Illuminati - New World Order, things are coming true",1
725,0.0,1.0,0.0,0.0,Blackstone acquires ancestry.com. Imagine all the new ways to monetize this data trove?,0
726,0.0,1.0,0.0,0.0,Maybe there's some kind of higher power at work here behind the scenes,0
727,0.222,0.625,0.153,-0.296,Interesting Trump is recounting the Secret Service response to his assassination attempt incorrectly ,-1
728,0.086,0.914,0.0,-0.5514,Any high resolution photos of Trumpâ€™s ear BEFORE and after the shooting? What if Trump is in on the attempt. Small damage device placed on ear? The way SS stood him up in such a short time frame seemed staged.,-1
729,0.404,0.596,0.0,-0.7269,Why do government agencies tend to stop after one assassination attempt?,-1
730,0.531,0.469,0.0,-0.5267,An actual conspiracy post,-1
731,0.268,0.732,0.0,-0.296,Is it possible there was no bullet ?,-1
732,0.562,0.438,0.0,-0.8402,Strange Details and Reactions to the Failed Trump Assassination Attempt,-1
733,0.205,0.795,0.0,-0.4767,Why did Trump cry out for his shoes after he was shot at,-1
734,0.0,1.0,0.0,0.0,Why do we never see posts about Blackrock and Vanguard?,0
735,0.126,0.667,0.207,0.296,"This is proof of a white, gay male conspiracy to take over the RNC and over turn good old fashioned Christian values.",1
736,0.0,1.0,0.0,0.0,The second shooter was supposed to take out the snipers. Link to video confirming this diagram in submission statement.,0
737,0.281,0.719,0.0,-0.5994,"Scott Ritter on JD Vance, Donald Trump and the Assassination Attempt",-1
738,0.0,1.0,0.0,0.0,There's still something up with this..,0
739,0.0,1.0,0.0,0.0,There were two shooter's,0
740,0.0,1.0,0.0,0.0,https://danfaggella.com/posthuman-transition/,0
741,0.122,0.878,0.0,-0.4939,"The Establishment is trying to say Iran did this. We all know the enemies are right here, on Wall Street and in Washington DC. ",-1
742,0.459,0.541,0.0,-0.5267,How to monetize a supposed conspiracy?,-1
743,0.26,0.608,0.133,-0.5106,Trump and Biden on kill Tony played by Shane Gillis and Adam Ray,-1
744,0.0,1.0,0.0,0.0,Your Government Just Tried to Assassinate A Democratically Elected Presidential Candidate ï¿¼(Evidence),0
745,0.0,1.0,0.0,0.0,It was Project 2025 that did it. ,0
746,0.0,1.0,0.0,0.0,Trump Shooting - Sequence of Events,0
747,0.0,1.0,0.0,0.0,Does any other country have an area 51?,0
748,0.0,0.709,0.291,0.6249,"The False Awakening or The Great Inversion, can you see it?",1
749,0.213,0.787,0.0,-0.4019,Alex Jones Makes a Series of Shocking Predictions for What Happens Next,-1
750,0.191,0.643,0.166,-0.5035,The deep state/CIA backed failed assassination of Trump is the most significant event in America since 9/11. They know they can't cover their ass on this one.... they will try to start ww3 and activate emergency powers just like covid.,-1
751,0.108,0.588,0.304,0.4588,Twice-yearly HIV drug 100% effective at preventing spread,1
752,0.0,1.0,0.0,0.0,"Im starting to think bill gates and the ""elites"" might be in on the cyberattack",0
753,0.0,1.0,0.0,0.0,Has anyone found an updated or recent picture of Thomas matthew crooks? Just wondering why I can only find the outdated school picture.,0
754,0.0,0.674,0.326,0.7003,"""Biden will not be able to join us. He just tested positive for COVID""",1
755,0.0,1.0,0.0,0.0,The irony.... a bullet hole next to 47,0
756,0.0,1.0,0.0,0.0,1181/-- 21 July 2024 President Joseph Biden Hospitalized After Stumbling Down Stairs= 911,0
757,0.0,1.0,0.0,0.0,1900 or The Last President book,0
758,0.0,1.0,0.0,0.0,UFOnow:WTf is that ,0
759,0.0,1.0,0.0,0.0,Power Brokers Are Selling AI as the New Elitism,0
760,0.0,0.798,0.202,0.5859,"20 year old Incel VS. The Secret Service, FBI, CIA, NSA, PA-POLICE, RNC.  Who would win?",1
761,0.62,0.38,0.0,-0.8689,Biden â€œstepping downâ€ is a distraction from Trumpâ€™s failed assassination. ,-1
762,0.161,0.752,0.087,-0.6369,"â€œThe Racketâ€ author Matt Kennard discusses how democracy in the U.S. is an illusion. In fact, Kennard says, there is no way to vote against the corporate ownership that controls the economy, keeps working people poor and perpetuates endless war all over the globe to benefit corporate interests.",-1
763,0.147,0.853,0.0,-0.4767,Tijuana Authorities Find Possible Drug Smuggling Tunnel So Long They Need Oxygen Tanks To Look For The Other End,-1
764,0.179,0.756,0.064,-0.6249,The firm that took the suspicious and enormous bet against President Trumpâ€™s Truth Social stock ONE DAY before the assassination attempt is majority held by George Sorosâ€™ Vanguard and BlackRock.,-1
765,0.0,1.0,0.0,0.0,Shadow Money: Unveiling the Deep Economic State ,0
766,0.0,1.0,0.0,0.0,There we go. ,0
767,0.213,0.571,0.216,-0.2023,"5 months earlier, Alex Jones and InfoWars guest Ivan Raiklin discussed the benefits of a Trump assassination, which includes ""in kind"" assassinations of a list of ""Deep state"" members and ""the best and fastest cleansing"" - ending with Jones saying ""Oh, please kill him.""",-1
768,0.0,1.0,0.0,0.0,Fauci's Wife,0
769,0.217,0.783,0.0,-0.3595,The Sabbatean Frankist - No One Seems To Talk About This!,-1
770,0.196,0.804,0.0,-0.5994,"This explains some of the assassination.  Trumps secret service detail were untrained subs, not actual secret service ",-1
771,0.0,0.852,0.148,0.3818,Audio Analysis Is 100% Clear | Trump & Crowd Were Shot At By Two Separate People | Peak Prosperity,1
772,0.0,1.0,0.0,0.0,Shooter was very political and a leftie,0
773,0.163,0.56,0.277,0.3485,Is this normal? Does law enforcement clean crime scenes? Why would the FBI clean a roof?,1
774,0.13,0.87,0.0,-0.0516,"Biden is attempting to leave the race, a different way.",0
775,0.222,0.635,0.143,-0.3612,"Largest housing provider for migrant children engaged in pervasive sexual abuse, U.S. says (AP)",-1
776,0.0,1.0,0.0,0.0,So who is this secret service lady who seemed out of place during Trump attempt?,0
777,0.0,1.0,0.0,0.0,How Trump came to be?,0
778,0.0,0.857,0.143,0.128,The dude launched COVID vaccine mandate just got COVID himself,0
779,0.0,0.917,0.083,0.2023,Either is was an inside job to take down Trump or the top notch secret service Fâ€™d up beyond belief. Thoughts? ,1
780,0.061,0.759,0.18,0.5187,Idk what exact time Biden was publicly announced to have COVID but this was definitely before that,1
781,0.0,1.0,0.0,0.0,"DAE think it's kind of unnerving that all the world's billionaires seem to know each other?
",0
782,0.0,0.857,0.143,0.3947,Whistleblowers tell most of Trumpâ€™s security detail at the event werenâ€™t SS. DHS assigned inexperienced & unprepared personnel,1
783,0.0,0.815,0.185,0.5106,"Joe Biden is finished, the big guy above him has pulled the trigger and is ready to reshuffle the playing cards.  ",1
784,0.0,1.0,0.0,0.0,Is the shot heard around the world a psyop of a psyop?,0
785,0.185,0.763,0.053,-0.6696,"With Trump's attempted assassination, and top democrats imploring Biden to drop out of the race we were 1/2"" away from having 2 new presidential candidates!  Who is really in charge.  ",-1
786,0.0,1.0,0.0,0.0,This statement from Kimberly Cheatle makes me think weâ€™re living in 1984. This is too Orwellian to be real.,0
787,0.231,0.769,0.0,-0.5574,WaPost: Police snipers were inside building as Trump rally shooter fired from roof,-1
788,0.0,0.878,0.122,0.1007,How to prevent 5G from getting into you and controlling you!,0
789,0.0,1.0,0.0,0.0,What is the reason everyone is so Anti-Trump? ,0
790,0.0,1.0,0.0,0.0,Two Shooters?  Audio Analysis,0
791,0.0,1.0,0.0,0.0,Do you think this is the last time they will try to assassinate Trump?,0
792,0.0,1.0,0.0,0.0,"Crowdstrike, Global cyber alliance and the WEF",0
793,0.197,0.803,0.0,-0.3506,I'm Ride or Die Anti-Leftist Establishment but Here We Go Again,-1
794,0.0,1.0,0.0,0.0,I know this has been said a lot but why did so many people just pop on,0
795,0.151,0.763,0.087,-0.2136,"What did US start and don't want Trump to end/make it public? I mean, this scream like an inside job attempt by multiple points of view.",-1
796,0.205,0.795,0.0,-0.2023,A lot of empty roofs at the Waco rally,-1
797,0.0,1.0,0.0,0.0,Camp Nowhere,0
798,0.0,0.843,0.157,0.4215,Anybody have a list or video of the conspiracies over the last few years that came true?,1
799,0.0,1.0,0.0,0.0,"Where are these 3 videos? (Exact moment of the shot, right ear angle)",0
800,0.0,1.0,0.0,0.0,Leaving this and going to get medicated,0
801,0.0,1.0,0.0,0.0,Trump fans now making these..,0
802,0.167,0.833,0.0,-0.4215,Reddit crashed twice recently: when Trump almost took a shot and when an antivirus broke Windows,-1
803,0.0,1.0,0.0,0.0,CDC Director testimony on Vaccine Mandates,0
804,0.0,1.0,0.0,0.0,Shooter may have been posting on 4chan.,0
805,0.0,1.0,0.0,0.0,Possible Financial Motive,0
806,0.049,0.748,0.203,0.7144,"Even if the rumours are true, China officials must act like there's nothing wrong with Xi. Dictators have been known to disappear for medical reasons, then return to purge those who showed disloyalty.",1
807,0.0,1.0,0.0,0.0,Make It Make Sense,0
808,0.457,0.543,0.0,-0.7096,"Civil war propaganda, not long till the next city",-1
809,0.0,1.0,0.0,0.0,Youtube censorship in one direction ,0
810,0.0,1.0,0.0,0.0,Agents Provocateur ,0
811,0.0,1.0,0.0,0.0,This was posted here just 10 days ago....,0
812,0.388,0.612,0.0,-0.368,STRANGE Donald Trump TV commercial,-1
813,0.0,1.0,0.0,0.0,"Bergamo area had over 20,000 of citizens' DNA taken few years before Covid and was also hit hardest. Coincidence?",0
814,0.0,1.0,0.0,0.0,who was the shooter?,0
815,0.0,1.0,0.0,0.0,John Cullen on X re: Trump Shooting,0
816,0.243,0.405,0.351,0.1531,Realistic time frame for shit truly hitting the fan? ,0
817,0.438,0.562,0.0,-0.5994,Trumps Assassination attempt gets even strangerâ€¦ ,-1
818,0.211,0.789,0.0,-0.2378,SCOTLAND - Covid inquiry has confirmed Hospitals were never overwhelmed and were half empty,-1
819,0.494,0.506,0.0,-0.5994,MGS:R and Trump assassination attempt ,-1
820,0.0,1.0,0.0,0.0,Event 201 Global Shutdown,0
821,0.0,1.0,0.0,0.0,What a week,0
822,0.29,0.611,0.099,-0.5423,"Elon Musk seeing right thru the ""sloped roof"" bullshit excuse.  ",-1
823,0.206,0.794,0.0,-0.5994,1187/-- 18th July 2024 Heart Of A Lion Will Be The Go Ahead For Assad Assassination = 911,-1
824,0.231,0.769,0.0,-0.2732,Comment blocked by YouTube - We need a new platform,-1
825,0.0,1.0,0.0,0.0,Bidenâ€™s family preparing for Joeâ€™s exit,0
826,0.0,1.0,0.0,0.0,Anyone remember this guy?,0
827,0.139,0.861,0.0,-0.5267,I am offering you the red pillâ€¦ This is the Illuminati. this is who runs our society. The worlds biggest conspiracy. Part 3 (final) ,-1
828,0.649,0.351,0.0,-0.5719,Indian Scam Callers,-1
829,0.0,0.881,0.119,0.2263,Reddit is a liberal echo chamber and they only allow main stream narratives on most subs,1
830,0.0,1.0,0.0,0.0,"Facial recognition in cars is coming, if not already here ",0
831,0.213,0.6,0.187,-0.1027,Fractured Truths: The Dangers of Bespoke Realities in the Digital Age,0
832,0.0,0.682,0.318,0.4215,"How did CrowdStrike become such a powerful ""force""?",1
833,0.0,1.0,0.0,0.0,My Theory: The World's Elite Know Something We Don't â€“ The End is Near,0
834,0.112,0.744,0.144,0.1506,"Former classmate recalls Trump shooter grilling him over support for former POTUS: ""Did not like politicians""",0
835,0.0,1.0,0.0,0.0,The Infinite Ascension Theory: Exploring Consciousness Across Infinite Dimensions,0
836,0.151,0.849,0.0,-0.5994,"4 prophets of Mars on youtube were able to predict an assassination attempt on Trump nearly to the exact day, simply by observing Mars. ",-1
837,0.0,0.856,0.144,0.4329,Will there be another attempt on Trump's life before the election? If so what will it look like?,1
838,0.589,0.411,0.0,-0.6486,Dead internet in action,-1
839,0.0,1.0,0.0,0.0,Trump may be the Antichrist ,0
840,0.0,1.0,0.0,0.0,Can someone explain this? I think I know the answer. ,0
841,0.0,1.0,0.0,0.0,Total Internet Shutdown imminent? Rumors about massive escalation with Russia coming September. ,0
842,0.146,0.854,0.0,-0.34,How does not one of you bother to look up the details of the ladder?,-1
843,0.0,1.0,0.0,0.0,Ford goes deep with Trump..,0
844,0.153,0.847,0.0,-0.2023,Strange Song Choice By Trump After His RNC Speech Last Night,-1
845,0.0,0.86,0.14,0.6219,"This guy predicted 4 days ago that a crypto wallet, involving three accounts, would be tied to the 'shooter'!!! I posted this a few days ago, this is pretty wild.",1
846,0.388,0.479,0.133,-0.7003,Trump assassination was staged like a stupid Tubi movie says Carnegie Mellon Professor,-1
847,0.494,0.506,0.0,-0.5994,RFK Assassination researcher interview (recent),-1
848,0.426,0.574,0.0,-0.9118,"A paragraph from ritual abuse victim Wendy Hoffmanâ€™s book , From the Trenches: A victim and Therapist talk about Mind Control and Ritual Abuse",-1
849,0.0,1.0,0.0,0.0,So what were seeing now is the black swan event or this a test run? ,0
850,0.0,1.0,0.0,0.0,Americans are being pushed,0
851,0.0,1.0,0.0,0.0,Military government ?,0
852,0.047,0.751,0.201,0.8313,"Why they're voting for Trump - Michael Moore. This is a great rendition, with appropriate and stirring music. Michael Moore may have accidentally made the case for Trump better than anyone else had... and he did so just days before the election. Thanks, Michael!",1
853,0.0,1.0,0.0,0.0,Daytime meteor??,0
854,0.0,1.0,0.0,0.0,Here we go.,0
855,0.327,0.673,0.0,-0.5267,Tying Crooks into a FBI and Secret Service conspiracy,-1
856,0.0,0.734,0.266,0.4404,Does anyone else have any good examples of directions?,1
857,0.0,0.847,0.153,0.2023,100% They Did Not Paint The Blood With A Fine Line Applicator,1
858,0.507,0.493,0.0,-0.9062,German court gives woman harsher punishment than convicted rapist for calling him 'disgraceful pig',-1
859,0.0,1.0,0.0,0.0,Joe Biden doesnâ€™t have Covid ,0
860,0.744,0.256,0.0,-0.4404,v2k attacks,-1
861,0.0,1.0,0.0,0.0,History is a Lie,0
862,0.358,0.642,0.0,-0.5994,Was the trump assassination attempt a false flag psyop? ,-1
863,0.0,0.426,0.574,0.4019,Help finding video,1
864,0.194,0.806,0.0,-0.34,Trump rushed off stage by Secret Service after someone yells gun. ,-1
865,0.0,0.698,0.302,0.0772,RNC Stage - Freemasonry Imagery?,0
866,0.0,0.699,0.301,0.9017,Am I the only one that wants project blue beam to happen just to see the special effects? I grew up around amusement parks so an amazing VFX show is what I'm hoping for.,1
867,0.261,0.739,0.0,-0.5574,Still no motive and SS Snipers spotted the shooter 20 minutes before he opened fire,-1
868,0.0,1.0,0.0,0.0,I posted this here the night it happened!  They stole my Script!!,0
869,0.218,0.782,0.0,-0.5994,Russell Brand Had Trump In ThenCrosshairs Last September and Was Predicting An Assassination in 2024,-1
870,0.0,0.602,0.398,0.5106,Honest question about the Trump incident.,1
871,0.083,0.797,0.119,0.2486,"The would be Trump assassin was an anti Trumper, not bullied alot and associated with a group in school that wanted to do a school shooting.",1
872,0.15,0.783,0.067,-0.7906,"According to this data, there is a 36% chance that Biden would be assassinated and killed while in office. The same would go for RFK jr. All presidents with Mars in the constellations of either Taurus or Scorpio has a 36% chance of being killed in office, compared to 8% for other presidents.",-1
873,0.41,0.347,0.243,-0.2263,Corporate Boycott Is Our Best Weapon To Fight The Elite ,-1
874,0.208,0.519,0.273,0.25,I love how fast they are blaming Iran for the shooting. ,1
875,0.0,0.764,0.236,0.5719,Just wanted to remind you all of the excellent work of James Corbett. ,1
876,0.0,1.0,0.0,0.0,What are some of the most common responses you get when you talk with people about conspiracies?,0
877,0.0,0.823,0.177,0.4215,"Do you believe the United States will go through a nationwide, life changing event soon?",1
878,0.0,1.0,0.0,0.0,Crowdstrike outage. Thoughts.,0
879,0.0,1.0,0.0,0.0,Did someone on the â€œinsideâ€ intentionally give Biden covid?,0
880,0.318,0.682,0.0,-0.636,Someone Shorted Trumpâ€™s Stock DJT Just Before The Assassination Attempt!,-1
881,0.0,1.0,0.0,0.0,Do you think this guy had supernatural powers? ,0
882,0.077,0.773,0.149,0.3182,How Could a Party That Pretends to Oppose the â€œDeep Stateâ€ Nominate a VP Hand-Selected By This Man?,1
883,0.236,0.764,0.0,-0.34,1186/--- Nineteenth July Twenty Twenty Four Crowd Strike Limited Global Cyber Outage= 911,-1
884,0.321,0.58,0.098,-0.7184,Blackrock Shorted Shares the Day Before the Failed Assassination - and Then Tried to Cover It Up,-1
885,0.0,1.0,0.0,0.0,How??,0
886,0.0,1.0,0.0,0.0,I Smell A Dry Run!,0
887,0.0,0.859,0.141,0.2023,Asking the important question - Is a Tactical Flannel an EDC item for SS? ,1
888,0.0,1.0,0.0,0.0,"In the days leading up to July 13th, BlackRock took out short positions on $DJT",0
889,0.11,0.795,0.095,-0.1779,[META] Top post in here has comments like 'is this my grandpa's Facebook?' 'criticizing blackrock/retweeting Whitney is equivalent to qanon nonsense'. These suspicious bot posts are from accounts that have 10 posts and 0karma. It's Eglin airforce and mayor Pete.,0
890,0.254,0.604,0.142,-0.3802,A community so dangerous it was hidden by Reddit? No more; welcome to the (new) Pure DNA community!,-1
891,0.362,0.638,0.0,-0.5267,We live in the open conspiracy age,-1
892,0.0,1.0,0.0,0.0,The ladder that shooter used!!,0
893,0.0,1.0,0.0,0.0,Joe Biden has Covid...again,0
894,0.221,0.779,0.0,-0.5267, BREAKING NEWS: Secret Service reportedly knew of threat before Trump took the stage ,-1
895,0.0,1.0,0.0,0.0,Reddit doubling down on Trump as always. This is cringe to watch this website completely astroturff itself into oblivion. ,0
896,0.565,0.435,0.0,-0.5994,Assassination of President Trump,-1
897,0.355,0.645,0.0,-0.296,How to stop ISP throttling?,-1
898,0.0,0.625,0.375,0.6369,Are Women the Best Men for the Job?,1
899,0.0,1.0,0.0,0.0,Can anyone tell me what this thing trump has between his middle and index finger,0
900,0.0,1.0,0.0,0.0,Thoughts?,0
901,0.0,1.0,0.0,0.0,Shooter on the water tower,0
902,0.722,0.278,0.0,-0.3818,I am demoralized,-1
903,0.0,0.787,0.213,0.4019,Could the arrows on the graph help the shooter in anyway?,1
904,0.0,0.741,0.259,0.1027,Trump 'Crowd' Pretending to Record,0
905,0.0,1.0,0.0,0.0,Fishy business with the USA and Russia.,0
906,0.0,1.0,0.0,0.0,Canâ€™t you see itâ€™s already started. The media just hasnâ€™t announced it on tv to the masses yet.,0
907,0.091,0.909,0.0,-0.3818,"Senator Malcolm Roberts on Instagram: ""Bill Gates' Microsoft has gone down across the world. This is why we have to fight Digital ID and the cashless society.""",-1
908,0.0,1.0,0.0,0.0,Found this gem of a LARP on 4Chan,0
909,0.129,0.871,0.0,-0.5267,Historical Conspiracy: How George Bush Sr. used the publishing company Hill and Knowlton to push false testimony as a pretense for the Invasion of Iraq,-1
910,0.165,0.678,0.157,-0.0516,"Iâ€™m sorry- national security, careers be damned. I want to hear from the snipers. Unveil them and force them to testify. ",0
911,0.0,1.0,0.0,0.0,Was it known?,0
912,0.0,1.0,0.0,0.0,This can be taking so many ways..,0
913,0.0,1.0,0.0,0.0,Kate Middleton Appears at Wimbledon ,0
914,0.0,1.0,0.0,0.0,Trump shooter Thomas Matthew Crooksâ€™ last online search was for porn,0
